お札,1345,1345,6040,名詞,一般,*,*,*,*,お札,オサツ,オサツ,0/3,C2
お札,1345,1345,7914,名詞,一般,*,*,*,*,お札,オフダ,オフダ,0/3,C1
この後,1375,1375,1399,名詞,副詞可能,*,*,*,*,この後,コノアト,コノアト,3/4,C2
その上,580,580,4000,接続詞,*,*,*,*,*,その上,ソノウエ,ソノウエ,0/4,C1
その後,1375,1375,1399,名詞,副詞可能,*,*,*,*,その後,ソノアト,ソノアト,3/4,C2
その間,1375,1375,5800,名詞,副詞可能,*,*,*,*,その間,ソノアイダ,ソノアイダ,0/5,C1
みそ糞,1347,1347,7756,名詞,形容動詞語幹,*,*,*,*,みそ糞,ミソクソ,ミソクソ,0/4,C2
一人前,1345,1345,-500,名詞,一般,*,*,*,*,一人前,イチニンマエ,イチニンマエ,0/6,C2
一分,1345,1345,3500,名詞,一般,*,*,*,*,一分,イップン,イップン,1/4,C2
一分,1345,1345,3563,名詞,一般,*,*,*,*,一分,イチブン,イチブン,0/4,C2
一分,1345,1345,5000,名詞,一般,*,*,*,*,一分,イチブ,イチブ,2/3,C1
一刻,1345,1345,5640,名詞,一般,*,*,*,*,一刻,イッコク,イッコク,4/4,C2
一刻,1347,1347,5689,名詞,形容動詞語幹,*,*,*,*,一刻,イッコク,イッコク,4/4,C2
一味,1345,1345,4565,名詞,一般,*,*,*,*,一味,イチミ,イチミ,2/3,C1
一味,1345,1345,5173,名詞,一般,*,*,*,*,一味,ヒトアジ,ヒトアジ,2/4,C1
一回,1375,1375,0,名詞,副詞可能,*,*,*,*,一回,イッカイ,イッカイ,3/4,C2
一回,1375,1375,5931,名詞,副詞可能,*,*,*,*,一回,イッカイ,イッカイ,3/4,C2
一声,1345,1345,4956,名詞,一般,*,*,*,*,一声,イッセイ,イッセー,0/4,C2
一声,1345,1345,4976,名詞,一般,*,*,*,*,一声,ヒトコエ,ヒトコエ,0/4,C1
一夜,1351,1351,7277,名詞,固有名詞,人名,名,*,*,一夜,カズヨ,カズヨ,0/3,C1
一夜,1375,1375,3790,名詞,副詞可能,*,*,*,*,一夜,イチヤ,イチヤ,2/3,C1
一夜,1375,1375,4894,名詞,副詞可能,*,*,*,*,一夜,ヒトヨ,ヒトヨ,2/3,C1
一寸,1342,1342,2100,副詞,助詞類接続,*,*,*,*,一寸,チョット,チョット,1/3,C1
一寸,1345,1345,3882,名詞,一般,*,*,*,*,一寸,イッスン,イッスン,3/4,C2
一所,1345,1345,3771,名詞,一般,*,*,*,*,一所,ヒトトコロ,ヒトトコロ,2/5,C1
一所,1345,1345,4771,名詞,一般,*,*,*,*,一所,イッショ,イッショ,1/3,C1
一所懸命,1347,1347,4958,名詞,形容動詞語幹,*,*,*,*,一所懸命,イッショケンメイ,イッショケンメー,4/7,C1
一文,1345,1345,4299,名詞,一般,*,*,*,*,一文,イチブン,イチブン,0/4,C2
一文,1345,1345,5000,名詞,一般,*,*,*,*,一文,イチモン,イチモン,2/4,C1
一文,1351,1351,7038,名詞,固有名詞,人名,名,*,*,一文,カズフミ,カズフミ,0/4,C2
一文字,1345,1345,5051,名詞,一般,*,*,*,*,一文字,ヒトモジ,ヒトモジ,2/4,C1
一文字,1350,1350,7189,名詞,固有名詞,人名,姓,*,*,一文字,イチモンジ,イチモンジ,3/5,C1
一文字,1353,1353,7723,名詞,固有名詞,地域,一般,*,*,一文字,イチモンジ,イチモンジ,3/5,C1
一昨年,1375,1375,1500,名詞,副詞可能,*,*,*,*,一昨年,オトトシ,オトトシ,2/4,C1
一昨年,1375,1375,1609,名詞,副詞可能,*,*,*,*,一昨年,イッサクネン,イッサクネン,0/6,C1
一昨日,1375,1375,3885,名詞,副詞可能,*,*,*,*,一昨日,オトトイ,オトトイ,3/4,C2
一時,1345,1345,4300,名詞,一般,*,*,*,*,一時,イットキ,イットキ,2/4,C1
一時,1375,1375,4562,名詞,副詞可能,*,*,*,*,一時,ヒトトキ,ヒトトキ,2/4,C1
一時,1375,1375,933,名詞,副詞可能,*,*,*,*,一時,イチジ,イチジ,2/3,C1
一月,1345,1345,6313,名詞,一般,*,*,*,*,一月,ヒトツキ,ヒトツキ,2/4,C2
一月,1375,1375,4313,名詞,副詞可能,*,*,*,*,一月,イチガツ,イチガツ,4/4,C2
一期一会,1345,1345,4908,名詞,一般,*,*,*,*,一期一会,イチゴイチエ,イチゴイチエ,5/6,C2
一生物,1345,1345,3000,名詞,一般,*,*,*,*,一生物,イッショウモノ,イッショーモノ,0/6,C1
一目,1343,1343,2464,名詞,サ変接続,*,*,*,*,一目,イチモク,イチモク,2/4,C1
一目,1375,1375,4716,名詞,副詞可能,*,*,*,*,一目,ヒトメ,ヒトメ,2/3,C1
一端,1341,1341,3995,副詞,一般,*,*,*,*,一端,イッパシ,イッパシ,0/4,*
一端,1345,1345,3991,名詞,一般,*,*,*,*,一端,イッタン,イッタン,0/4,C2
一端,1345,1345,49,名詞,一般,*,*,*,*,一端,イッタン,イッタン,0/4,*
一端,1345,1345,5727,名詞,一般,*,*,*,*,一端,イッパシ,イッパシ,0/4,C2
一行,1345,1345,3826,名詞,一般,*,*,*,*,一行,イッコウ,イッコー,0/4,C2
一行,1345,1345,3889,名詞,一般,*,*,*,*,一行,イチギョウ,イチギョウ,2/4,C2
一行,1351,1351,6486,名詞,固有名詞,人名,名,*,*,一行,イッコウ,イッコー,0/4,C2
一行,1351,1351,6946,名詞,固有名詞,人名,名,*,*,一行,カズユキ,カズユキ,0/4,C2
一見,1341,1341,3584,副詞,一般,*,*,*,*,一見,イッケン,イッケン,0/4,*
一見,1343,1343,2933,名詞,サ変接続,*,*,*,*,一見,イッケン,イッケン,0/4,C2
一見,1345,1345,3251,名詞,一般,*,*,*,*,一見,イチゲン,イチゲン,0/4,C2
一見,1348,1348,7120,名詞,固有名詞,一般,*,*,*,一見,イチミ,イチミ,0/3,C2
一見,1351,1351,8163,名詞,固有名詞,人名,名,*,*,一見,カズミ,カズミ,0/3,C2
一言,1343,1343,3516,名詞,サ変接続,*,*,*,*,一言,イチゲン,イチゲン,0/4,C1
一言,1345,1345,2948,名詞,一般,*,*,*,*,一言,ヒトコト,ヒトコト,2/4,C1
一言,1345,1345,3011,名詞,一般,*,*,*,*,一言,イチゴン,イチゴン,0/4,C2
一言,1353,1353,6542,名詞,固有名詞,地域,一般,*,*,一言,ヒトコト,ヒトコト,2/4,C1
一足,1345,1345,4634,名詞,一般,*,*,*,*,一足,ヒトアシ,ヒトアシ,2/4,C2
一足,1375,1375,4132,名詞,副詞可能,*,*,*,*,一足,イッソク,イッソク,4/4,C2
一途,1345,1345,3932,名詞,一般,*,*,*,*,一途,イット,イット,1/3,C1
一途,1345,1345,5559,名詞,一般,*,*,*,*,一途,イチズ,イチズ,2/3,C1
一途,1347,1347,5757,名詞,形容動詞語幹,*,*,*,*,一途,イチズ,イチズ,2/3,C1
三国,1345,1345,5970,名詞,一般,*,*,*,*,三国,サンゴク,サンゴク,1/4,C1
三国,1348,1348,10738,名詞,固有名詞,一般,*,*,*,三国,ミクニ,ミクニ,0/3,C2
三国,1350,1350,11462,名詞,固有名詞,人名,姓,*,*,三国,ミクニ,ミクニ,0/3,C2
三国,1353,1353,5968,名詞,固有名詞,地域,一般,*,*,三国,ミクニ,ミクニ,0/3,C2
三宮,1348,1348,6919,名詞,固有名詞,一般,*,*,*,三宮,サンノミヤ,サンノミヤ,0/5,C1
三宮,1348,1348,6921,名詞,固有名詞,一般,*,*,*,三宮,サンノミヤ,サンノミヤ,0/5,C1
三宮,1350,1350,7143,名詞,固有名詞,人名,姓,*,*,三宮,サンノミヤ,サンノミヤ,0/5,C1
三宮,1353,1353,7678,名詞,固有名詞,地域,一般,*,*,三宮,サングウ,サングー,3/4,C2
三宮,1353,1353,7678,名詞,固有名詞,地域,一般,*,*,三宮,サンノミヤ,サンノミヤ,0/5,C1
三次,1345,1345,1000,名詞,一般,*,*,*,*,三次,サンジ,サンジ,1/3,C1
三次,1351,1351,7284,名詞,固有名詞,人名,名,*,*,三次,ミツジ,ミツジ,1/3,C1
三次,1353,1353,3000,名詞,固有名詞,地域,一般,*,*,三次,ミヨシ,ミヨシ,0/3,C2
三次,1353,1353,7725,名詞,固有名詞,地域,一般,*,*,三次,ミツギ,ミツギ,1/3,C1
三田,1350,1350,5685,名詞,固有名詞,人名,姓,*,*,三田,ミタ,ミタ,0/2,C3
三田,1350,1350,7987,名詞,固有名詞,人名,姓,*,*,三田,サンダ,サンダ,0/3,C1
三田,1353,1353,4158,名詞,固有名詞,地域,一般,*,*,三田,ミタ,ミタ,0/2,C3
三田,1353,1353,6960,名詞,固有名詞,地域,一般,*,*,三田,サンデン,サンデン,0/4,C2
三田,1353,1353,6960,名詞,固有名詞,地域,一般,*,*,三田,ミツダ,ミツダ,0/3,C1
三田,1353,1353,7365,名詞,固有名詞,地域,一般,*,*,三田,サンダ,サンダ,0/3,C1
三笠宮家,1348,1348,3000,名詞,固有名詞,一般,*,*,*,三笠宮家,ミカサノミヤケ,ミカサノミヤケ,6/7,C1
三角,1345,1345,3686,名詞,一般,*,*,*,*,三角,サンカク,サンカク,1/4,C1
三角,1345,1345,4926,名詞,一般,*,*,*,*,三角,ミツカド,ミツカド,1/4,C1
三角,1350,1350,7132,名詞,固有名詞,人名,姓,*,*,三角,ミスミ,ミスミ,1/3,C1
三角,1353,1353,6967,名詞,固有名詞,地域,一般,*,*,三角,サンカク,サンカク,1/4,C1
三角,1353,1353,7636,名詞,固有名詞,地域,一般,*,*,三角,ミョウカ,ミョーカ,1/3,C1
三角,1353,1353,7688,名詞,固有名詞,地域,一般,*,*,三角,ミスミ,ミスミ,1/3,C1
上,1345,1345,5907,名詞,一般,*,*,*,*,上,ウエ,ウエ,0/2,C4
上,1345,1345,8389,名詞,一般,*,*,*,*,上,ジョウ,ジョー,0/2,C4
上,1345,1345,9472,名詞,一般,*,*,*,*,上,カミ,カミ,0/2,C4
上,1350,1350,9896,名詞,固有名詞,人名,姓,*,*,上,ウエ,ウエ,0/2,C4
上,1351,1351,11482,名詞,固有名詞,人名,名,*,*,上,ノボル,ノボル,0/3,C4
上,1353,1353,10156,名詞,固有名詞,地域,一般,*,*,上,ウエ,ウエ,0/2,C4
上,1353,1353,11440,名詞,固有名詞,地域,一般,*,*,上,カミノ,カミノ,0/3,C4
上,1353,1353,11535,名詞,固有名詞,地域,一般,*,*,上,カノ,カノ,0/2,C4
上,1353,1353,11538,名詞,固有名詞,地域,一般,*,*,上,カムラ,カムラ,0/3,C4
上,1353,1353,11959,名詞,固有名詞,地域,一般,*,*,上,ジョウ,ジョー,0/2,C4
上,1353,1353,12028,名詞,固有名詞,地域,一般,*,*,上,カン,カン,0/2,C4
上,1353,1353,12068,名詞,固有名詞,地域,一般,*,*,上,ウワ,ウワ,0/2,C4
上,1353,1353,12681,名詞,固有名詞,地域,一般,*,*,上,カミ,カミ,0/2,C4
上,1365,1365,7004,名詞,接尾,副詞可能,*,*,*,上,ジョウ,ジョー,0/2,C4
上,1371,1371,4907,名詞,非自立,一般,*,*,*,上,ウエ,ウエ,0/2,F2@2
上,1374,1374,9353,名詞,非自立,副詞可能,*,*,*,上,ジョウ,ジョー,0/2,C4
上,585,585,10069,接頭詞,名詞接続,*,*,*,*,上,ジョウ,ジョー,1/2,P1
上,585,585,9914,接頭詞,名詞接続,*,*,*,*,上,ウワ,ウワ,1/2,P2
上,811,811,6811,動詞,自立,*,*,五段・ラ行,体言接続特殊２,上る,ノボ,ノボ,1/2,*
上り,1345,1345,3859,名詞,一般,*,*,*,*,上り,ノボリ,ノボリ,0/3,C2
上り,1345,1345,4958,名詞,一般,*,*,*,*,上り,アガリ,アガリ,0/3,C2
上り,585,585,6967,接頭詞,名詞接続,*,*,*,*,上り,ノボリ,ノボリ,0/3,P2
上り,823,823,6449,動詞,自立,*,*,五段・ラ行,連用形,上る,ノボリ,ノボリ,0/3,*
上る,807,807,7127,動詞,自立,*,*,五段・ラ行,基本形,上る,ノボル,ノボル,0/3,*
上る,807,807,7129,動詞,自立,*,*,五段・ラ行,基本形,上る,ノボル,ノボル,0/3,*
上下,1343,1343,4025,名詞,サ変接続,*,*,*,*,上下,ジョウゲ,ジョーゲ,1/3,C1
上下,1345,1345,4448,名詞,一般,*,*,*,*,上下,アゲサゲ,アゲサゲ,2/4,C2
上下,1345,1345,4448,名詞,一般,*,*,*,*,上下,ウエシタ,ウエシタ,2/4,C2
上下,1345,1345,4448,名詞,一般,*,*,*,*,上下,カミシモ,カミシモ,0/4,C2
上下,1345,1345,6642,名詞,一般,*,*,*,*,上下,ガミシモ,ガミシモ,1/4,C1
上下,1348,1348,8391,名詞,固有名詞,一般,*,*,*,上下,ジョウゲ,ジョーゲ,1/3,C1
上下,1352,1352,6237,名詞,固有名詞,組織,*,*,*,上下,ジョウカ,ジョーカ,1/3,C1
上下,1353,1353,8388,名詞,固有名詞,地域,一般,*,*,上下,ジョウゲ,ジョーゲ,1/3,C1
上品,1345,1345,5745,名詞,一般,*,*,*,*,上品,ジョウヒン,ジョーヒン,3/4,C2
上品,1345,1345,6402,名詞,一般,*,*,*,*,上品,ジョウボン,ジョウボン,0/4,C2
上品,1347,1347,3999,名詞,形容動詞語幹,*,*,*,*,上品,ジョウヒン,ジョーヒン,3/4,C2
上品,1347,1347,4593,名詞,形容動詞語幹,*,*,*,*,上品,ジョウヒン,ジョーヒン,3/4,C2
上品,1353,1353,8598,名詞,固有名詞,地域,一般,*,*,上品,カミシナ,カミシナ,3/4,C1
上工,1345,1345,6000,名詞,一般,*,*,*,*,上工,ジョウコウ,ジョーコー,0/4,C2
上手,12,12,5278,形容詞,自立,*,*,形容詞・アウオ段,ガル接続,上手い,ウマ,ウマ,0/2,*
上手,1345,1345,5543,名詞,一般,*,*,*,*,上手,ジョウズ,ジョーズ,3/3,C2
上手,1345,1345,6556,名詞,一般,*,*,*,*,上手,ウワテ,ウワテ,0/3,C2
上手,1345,1345,6556,名詞,一般,*,*,*,*,上手,カミテ,カミテ,0/3,C2
上手,1347,1347,2952,名詞,形容動詞語幹,*,*,*,*,上手,ジョウズ,ジョーズ,3/3,C2
上手,1353,1353,8593,名詞,固有名詞,地域,一般,*,*,上手,カミデ,カミデ,0/3,C2
上手,1353,1353,8613,名詞,固有名詞,地域,一般,*,*,上手,ウエデ,ウエデ,0/3,C1
上手,1353,1353,8613,名詞,固有名詞,地域,一般,*,*,上手,ノボテ,ノボテ,0/3,C1
上方,1345,1345,4817,名詞,一般,*,*,*,*,上方,カミガタ,カミガタ,0/4,C2
上方,1345,1345,5856,名詞,一般,*,*,*,*,上方,ジョウホウ,ジョーホー,0/4,C2
上方,1350,1350,7648,名詞,固有名詞,人名,姓,*,*,上方,カミガタ,カミガタ,0/4,C2
上方,1353,1353,8546,名詞,固有名詞,地域,一般,*,*,上方,カミガタ,カミガタ,0/4,C2
上方,1353,1353,9015,名詞,固有名詞,地域,一般,*,*,上方,ウワガタ,ウワガタ,0/4,C2
上方,1353,1353,9015,名詞,固有名詞,地域,一般,*,*,上方,カミカタ,カミカタ,0/4,C2
上田辺,1348,1348,8609,名詞,固有名詞,一般,*,*,*,上田辺,カミタナベ,カミタナベ,3/5,C1
上田辺,1353,1353,8562,名詞,固有名詞,地域,一般,*,*,上田辺,カミタナベ,カミタナベ,3/5,C1
上田辺,1353,1353,8562,名詞,固有名詞,地域,一般,*,*,上田辺,カミタヌイ,カミタヌイ,3/5,C1
下す,761,761,5942,動詞,自立,*,*,五段・サ行,基本形,下す,クダス,クダス,0/3,*
下り,1345,1345,4360,名詞,一般,*,*,*,*,下り,クダリ,クダリ,0/3,C2
下り,1345,1345,6391,名詞,一般,*,*,*,*,下り,サガリ,サガリ,2/3,C2
下り,1358,1358,7351,名詞,接尾,一般,*,*,*,下り,クダリ,クダリ,0/3,C2
下り,585,585,5226,接頭詞,名詞接続,*,*,*,*,下り,クダリ,クダリ,0/3,P2
下り,649,649,6789,動詞,自立,*,*,一段,未然形,下りる,オリ,オリ,2/2,*
下り,652,652,6789,動詞,自立,*,*,一段,連用形,下りる,オリ,オリ,2/2,*
下り,823,823,7145,動詞,自立,*,*,五段・ラ行,連用形,下る,クダリ,クダリ,0/3,*
下品,1345,1345,5746,名詞,一般,*,*,*,*,下品,ゲヒン,ゲヒン,2/3,C2
下品,1345,1345,5809,名詞,一般,*,*,*,*,下品,ゲボン,ゲボン,0/3,C2
下品,1347,1347,4640,名詞,形容動詞語幹,*,*,*,*,下品,ゲヒン,ゲヒン,2/3,C2
下品,1353,1353,8562,名詞,固有名詞,地域,一般,*,*,下品,シモシナ,シモシナ,2/4,C1
下手,1345,1345,6269,名詞,一般,*,*,*,*,下手,シタテ,シタテ,0/3,C2
下手,1345,1345,6329,名詞,一般,*,*,*,*,下手,ゲシュ,ゲシュ,0/2,C3
下手,1345,1345,6329,名詞,一般,*,*,*,*,下手,シモテ,シモテ,0/3,C2
下手,1347,1347,2643,名詞,形容動詞語幹,*,*,*,*,下手,ヘタ,ヘタ,2/2,C3
下手,1347,1347,4570,名詞,形容動詞語幹,*,*,*,*,下手,シタテ,シタテ,0/3,C2
下手,1347,1347,5096,名詞,形容動詞語幹,*,*,*,*,下手,ベタ,ベタ,0/2,C3
下手,1353,1353,8585,名詞,固有名詞,地域,一般,*,*,下手,シモデ,シモデ,0/3,C1
下足,1345,1345,5746,名詞,一般,*,*,*,*,下足,ゲソク,ゲソク,0/3,C2
下野,1343,1343,4207,名詞,サ変接続,*,*,*,*,下野,ゲヤ,ゲヤ,1/2,C3
下野,1345,1345,4525,名詞,一般,*,*,*,*,下野,シモツケ,シモツケ,2/4,C1
下野,1350,1350,7723,名詞,固有名詞,人名,姓,*,*,下野,シモノ,シモノ,1/3,C2
下野,1353,1353,8711,名詞,固有名詞,地域,一般,*,*,下野,シタノ,シタノ,1/3,C2
下野,1353,1353,8711,名詞,固有名詞,地域,一般,*,*,下野,シモヅケ,シモズケ,1/4,C1
下野,1353,1353,8772,名詞,固有名詞,地域,一般,*,*,下野,シモノ,シモノ,1/3,C2
不二男,1351,1351,5371,名詞,固有名詞,人名,名,*,*,不二男,フジオ,フジオ,0/3,C1
不便,1345,1345,5973,名詞,一般,*,*,*,*,不便,フベン,フベン,1/3,C1
不便,1347,1347,4239,名詞,形容動詞語幹,*,*,*,*,不便,フベン,フベン,1/3,C1
中,1345,1345,6458,名詞,一般,*,*,*,*,中,ナカ,ナカ,1/2,C4
中,1345,1345,6509,名詞,一般,*,*,*,*,中,チュウ,チュー,1/2,C4
中,1345,1345,9802,名詞,一般,*,*,*,*,中,ウチ,ウチ,1/2,C4
中,1350,1350,11276,名詞,固有名詞,人名,姓,*,*,中,ナカ,ナカ,1/2,C4
中,1351,1351,11661,名詞,固有名詞,人名,名,*,*,中,アタル,アタル,1/3,C4
中,1351,1351,11749,名詞,固有名詞,人名,名,*,*,中,カナエ,カナエ,1/3,C4
中,1353,1353,10033,名詞,固有名詞,地域,一般,*,*,中,ナカ,ナカ,1/2,C4
中,1354,1354,8255,名詞,固有名詞,地域,国,*,*,中,チュウ,チュー,1/2,C4
中,1365,1365,11928,名詞,接尾,副詞可能,*,*,*,中,ナカ,ナカ,1/2,C4
中,1365,1365,6626,名詞,接尾,副詞可能,*,*,*,中,チュウ,チュー,1/2,C4
中,1365,1365,9154,名詞,接尾,副詞可能,*,*,*,中,ジュウ,ジュー,1/2,C4
中,1374,1374,10072,名詞,非自立,副詞可能,*,*,*,中,ジュウ,ジュー,1/2,C4
中,1374,1374,5560,名詞,非自立,副詞可能,*,*,*,中,ナカ,ナカ,1/2,F2@1
中,1374,1374,8747,名詞,非自立,副詞可能,*,*,*,中,チュウ,チュー,1/2,C4
中,583,583,9298,接頭詞,数接続,*,*,*,*,中,チュウ,チュー,1/2,P2
中,583,583,9711,接頭詞,数接続,*,*,*,*,中,ナカ,ナカ,1/2,P2
中,585,585,6618,接頭詞,名詞接続,*,*,*,*,中,チュウ,チュー,1/2,P2
中,811,811,7139,動詞,自立,*,*,五段・ラ行,体言接続特殊２,中る,アタ,アタ,1/2,*
中日,1345,1345,6329,名詞,一般,*,*,*,*,中日,チュウニチ,チューニチ,0/4,C1
中日,1345,1345,7807,名詞,一般,*,*,*,*,中日,ナカビ,ナカビ,0/3,C1
中日,1348,1348,4614,名詞,固有名詞,一般,*,*,*,中日,チュウニチ,チューニチ,0/4,C1
中日,1352,1352,1714,名詞,固有名詞,組織,*,*,*,中日,チュウニチ,チューニチ,0/4,C1
中間,1353,1353,8699,名詞,固有名詞,地域,一般,*,*,中間,チュウゲン,チューゲン,0/4,C2
中間,1353,1353,8699,名詞,固有名詞,地域,一般,*,*,中間,ナカツマ,ナカツマ,0/4,C2
中間,1375,1375,5015,名詞,副詞可能,*,*,*,*,中間,チュウカン,チューカン,0/4,C2
中間島,1353,1353,7562,名詞,固有名詞,地域,一般,*,*,中間島,チュウゲンジマ,チューゲンジマ,0/6,C1
中間市,1353,1353,6728,名詞,固有名詞,地域,一般,*,*,中間市,ナカマシ,ナカマシ,3/4,*
主,1345,1345,7707,名詞,一般,*,*,*,*,主,アルジ,アルジ,1/3,C3
主,1345,1345,8958,名詞,一般,*,*,*,*,主,ヌシ,ヌシ,1/2,C3
主,1345,1345,9182,名詞,一般,*,*,*,*,主,シュ,シュ,1/1,C3
主,1345,1345,9518,名詞,一般,*,*,*,*,主,シュウ,シュウ,1/2,C3
主,1347,1347,6101,名詞,形容動詞語幹,*,*,*,*,主,オモ,オモ,1/2,C3
主,1358,1358,10438,名詞,接尾,一般,*,*,*,主,シュ,シュ,1/1,C3
主,1358,1358,9860,名詞,接尾,一般,*,*,*,主,ヌシ,ヌシ,1/2,C3
主,585,585,7774,接頭詞,名詞接続,*,*,*,*,主,シュ,シュ,1/1,P2
主筋,1345,1345,5650,名詞,一般,*,*,*,*,主筋,シュキン,シュキン,0/3,C1
主筋,1345,1345,10000,名詞,一般,*,*,*,*,主筋,シュウスジ,シュースジ,3/4,C1
主筋,1345,1345,10000,名詞,一般,*,*,*,*,主筋,シュスジ,シュスジ,1/3,C1
九九,1345,1345,5620,名詞,一般,*,*,*,*,九九,クク,クク,1/2,C3
九九,1345,1345,5685,名詞,一般,*,*,*,*,九:九,キュウジュウ:キュウ,キュージュー:キュー,1/4:1/2,C1
九十九,1350,1350,7162,名詞,固有名詞,人名,姓,*,*,九十九,ツクモ,ツクモ,0/3,C2
九十九,1353,1353,7696,名詞,固有名詞,地域,一般,*,*,九十九,ツクモ,ツクモ,0/3,C2
乾物,1345,1345,5746,名詞,一般,*,*,*,*,乾物,カンブツ,カンブツ,0/4,C2
乾物,1345,1345,5746,名詞,一般,*,*,*,*,乾物,ヒモノ,ヒモノ,3/3,C2
乾物,1345,1345,5746,名詞,一般,*,*,*,*,乾物,ホシモノ,ホシモノ,0/4,C1
二女,1345,1345,2113,名詞,一般,*,*,*,*,二女,ニジョ,ニジョ,1/2,C3
二女,1345,1345,3113,名詞,一般,*,*,*,*,二女,ジジョ,ジジョ,1/2,C3
二歩,1345,1345,4502,名詞,一般,*,*,*,*,二歩,ニフ,ニフ,0/2,C3
二歩,1345,1345,5602,名詞,一般,*,*,*,*,二歩,ニホ,ニホ,1/2,C3
二歩,1353,1353,2502,名詞,固有名詞,地域,一般,*,*,二歩,ニブ,ニブ,1/2,C3
二男,1345,1345,1931,名詞,一般,*,*,*,*,二男,ニナン,ニナン,1/3,C2
二男,1345,1345,2931,名詞,一般,*,*,*,*,二男,ジナン,ジナン,1/3,C1
二男,1351,1351,6932,名詞,固有名詞,人名,名,*,*,二男,ツギオ,ツギオ,0/3,C1
二男,1351,1351,6932,名詞,固有名詞,人名,名,*,*,二男,フタオ,フタオ,0/3,C1
二遊間,1345,1345,4746,名詞,一般,*,*,*,*,二遊間,ニユウカン,ニユーカン,2/5,C1
二重,1345,1345,6063,名詞,一般,*,*,*,*,二重,ニジュウ,ニジュー,0/3,C1
二重,1345,1345,6063,名詞,一般,*,*,*,*,二重,フタエ,フタエ,2/3,C2
五分,1345,1345,2277,名詞,一般,*,*,*,*,五分,ゴブ,ゴブ,1/2,C1
五分,1375,1375,4277,名詞,副詞可能,*,*,*,*,五分,ゴフン,ゴフン,1/3,C1
五分,1375,1375,5440,名詞,副詞可能,*,*,*,*,五分,ゴブ,ゴブ,1/2,C1
京,1345,1345,11621,名詞,一般,*,*,*,*,京,ケイ,ケー,1/2,C3
京,1350,1350,9621,名詞,固有名詞,人名,姓,*,*,京,キョウ,キョー,1/2,C3
京,1351,1351,10581,名詞,固有名詞,人名,名,*,*,京,キョウ,キョー,1/2,C3
京,1351,1351,10669,名詞,固有名詞,人名,名,*,*,京,ミヤコ,ミヤコ,1/3,C2
京,1353,1353,10227,名詞,固有名詞,地域,一般,*,*,京,キョウ,キョー,1/2,C3
人々,1345,1345,5258,名詞,一般,*,*,*,*,人々,ヒトビト,ヒトビト,2/4,C1
人事,1345,1345,3751,名詞,一般,*,*,*,*,人事,ジンジ,ジンジ,1/3,C1
人事,1345,1345,6751,名詞,一般,*,*,*,*,人事,ヒトゴト,ヒトゴト,1/4,C1
人前,1345,1345,5665,名詞,一般,*,*,*,*,人前,ヒトマエ,ヒトマエ,0/4,C2
人前,1345,1345,5666,名詞,一般,*,*,*,*,人前,ヒトマエ,ヒトマエ,0/4,C2
人前,1345,1345,5729,名詞,一般,*,*,*,*,人前,ジンゼン,ジンゼン,0/4,C2
人前,1360,1360,9078,名詞,接尾,助数詞,*,*,*,人前,ニンマエ,ニンマエ,0/4,C4
人前式,1345,1345,5755,名詞,一般,*,*,*,*,人前式,ジンゼンシキ,ジンゼンシキ,3/6,C2
人前結婚式,1345,1345,7387,名詞,一般,*,*,*,*,人前結婚式,ジンゼンケッコンシキ,ジンゼンケッコンシキ,7/10,C1
人工,1345,1345,3294,名詞,一般,*,*,*,*,人工,ジンコウ,ジンコー,0/4,C2
人文,1345,1345,4275,名詞,一般,*,*,*,*,人文,ジンブン,ジンブン,0/4,C2
人文,1345,1345,6142,名詞,一般,*,*,*,*,人文,ジンモン,ジンモン,0/4,C2
人気,1345,1345,4125,名詞,一般,*,*,*,*,人気,ニンキ,ニンキ,0/3,C2
人気,1345,1345,8927,名詞,一般,*,*,*,*,人気,ヒトケ,ヒトケ,0/3,C2
人間,1345,1345,3457,名詞,一般,*,*,*,*,人間,ニンゲン,ニンゲン,0/4,C2
今日,1375,1375,3394,名詞,副詞可能,*,*,*,*,今日,キョウ,キョー,1/2,C3
今日,1375,1375,4548,名詞,副詞可能,*,*,*,*,今日,コンニチ,コンニチ,1/4,C3
仏,1345,1345,6514,名詞,一般,*,*,*,*,仏,ホトケ,ホトケ,0/3,C2
仏,1345,1345,6596,名詞,一般,*,*,*,*,仏,フツ,フツ,1/2,C2
仏,1345,1345,8710,名詞,一般,*,*,*,*,仏,ボトケ,ボトケ,0/3,C2
仏,1345,1345,8783,名詞,一般,*,*,*,*,仏,ブッ,ブッ,0/2,C2
仏,1345,1345,8971,名詞,一般,*,*,*,*,仏,ブツ,ブツ,0/2,C2
仏,1354,1354,10637,名詞,固有名詞,地域,国,*,*,仏,フランス,フランス,0/4,C2
仏,1354,1354,6197,名詞,固有名詞,地域,国,*,*,仏,フツ,フツ,1/2,C2
仏,1358,1358,7000,名詞,接尾,一般,*,*,*,仏,ブツ,ブツ,0/2,C2
仏,1358,1358,10859,名詞,接尾,一般,*,*,*,仏,ボトケ,ボトケ,0/3,C2
仏前式,1345,1345,7325,名詞,一般,*,*,*,*,仏前式,ブツゼンシキ,ブツゼンシキ,3/6,C1
仏前結婚式,1345,1345,7874,名詞,一般,*,*,*,*,仏前結婚式,ブツゼンケッコンシキ,ブツゼンケッコンシキ,7/10,C1
仏弟子,1345,1345,6000,名詞,一般,*,*,*,*,仏弟子,ブツデシ,ブツデシ,0/4,C2
仏語,1345,1345,4000,名詞,一般,*,*,*,*,仏語,ブツゴ,ブツゴ,0/3,C2
仏語,1345,1345,4415,名詞,一般,*,*,*,*,仏語,フツゴ,フツゴ,0/3,C2
仏語,1345,1345,6430,名詞,一般,*,*,*,*,仏語,フランスゴ,フランスゴ,0/5,C2
他,1345,1345,6884,名詞,一般,*,*,*,*,他,タ,タ,1/1,C3
他,1374,1374,4721,名詞,非自立,副詞可能,*,*,*,他,ホカ,ホカ,0/2,C3
他,1374,1374,4722,名詞,非自立,副詞可能,*,*,*,他,ホカ,ホカ,0/2,C3
他,1374,1374,5788,名詞,非自立,副詞可能,*,*,*,他,タ,タ,1/1,C3
他,1375,1375,7690,名詞,副詞可能,*,*,*,*,他,ホカ,ホカ,0/2,C3
他,585,585,4114,接頭詞,名詞接続,*,*,*,*,他,タ,タ,1/1,P2
他,585,585,4177,接頭詞,名詞接続,*,*,*,*,他,アダ,アダ,0/2,C3
他の,1376,1376,4000,連体詞,*,*,*,*,*,他の,ホカノ,ホカノ,1/3,C1
他の,1376,1376,8133,連体詞,*,*,*,*,*,他の,タノ,タノ,1/2,*
他人事,1345,1345,0,名詞,一般,*,*,*,*,他人事,ヒトゴト,ヒトゴト,0/4,C2
他人事,1345,1345,49,名詞,一般,*,*,*,*,他人事,タニンゴト,タニンゴト,0/5,*
他人事,1345,1345,6265,名詞,一般,*,*,*,*,他人事,タニンゴト,タニンゴト,2/5,C2
他人事,1345,1345,6684,名詞,一般,*,*,*,*,他人事,ヒトゴト,ヒトゴト,2/4,C2
他所,1345,1345,5674,名詞,一般,*,*,*,*,他所,ヨソ,ヨソ,2/2,C3
他所,1345,1345,5768,名詞,一般,*,*,*,*,他所,タショ,タショ,1/2,C3
仮名,1345,1345,5772,名詞,一般,*,*,*,*,仮名,カメイ,カメー,0/3,C3
仮名,1345,1345,5794,名詞,一般,*,*,*,*,仮名,ガナ,ガナ,0/2,C3
仮名,1345,1345,6519,名詞,一般,*,*,*,*,仮名,カナ,カナ,0/2,C3
仮名,1358,1358,8112,名詞,接尾,一般,*,*,*,仮名,ガナ,ガナ,0/2,C2
体,1345,1345,10647,名詞,一般,*,*,*,*,体,タイ,タイ,0/2,C2
体,1345,1345,11314,名詞,一般,*,*,*,*,体,テイ,テー,0/2,C2
体,1345,1345,6505,名詞,一般,*,*,*,*,体,カラダ,カラダ,0/3,C2
体,1358,1358,10109,名詞,接尾,一般,*,*,*,体,タイ,タイ,0/2,C4
体,1360,1360,11291,名詞,接尾,助数詞,*,*,*,体,タイ,タイ,0/2,C3
体じゅう,1345,1345,5500,名詞,一般,*,*,*,*,体じゅう,カラダジュウ,カラダジュー,0/6,C2
何,1340,1340,7442,副詞,*,*,*,*,*,何,ドウ,ドー,1/2,*
何,1355,1355,3909,名詞,数,*,*,*,*,何,ナン,ナン,1/2,C3
何,1366,1366,3459,名詞,代名詞,一般,*,*,*,何,ナニ,ナニ,1/2,C3
何,1366,1366,4560,名詞,代名詞,一般,*,*,*,何,ナン,ナン,1/2,C3
何の,1376,1376,2732,連体詞,*,*,*,*,*,何の,ナンノ,ナンノ,1/3,C1
何の,1376,1376,6302,連体詞,*,*,*,*,*,何の,ドノ,ドノ,1/2,*
何れ,1341,1341,5067,副詞,一般,*,*,*,*,何れ,イズレ,イズレ,0/3,*
何れ,1366,1366,4286,名詞,代名詞,一般,*,*,*,何れ,イズレ,イズレ,0/3,C2
何人,1345,1345,6621,名詞,一般,*,*,*,*,何人,ナンニン,ナンニン,0/4,C2
何人,1345,1345,6621,名詞,一般,*,*,*,*,何人,ナンビト,ナンビト,0/4,C2
何人,1345,1345,6684,名詞,一般,*,*,*,*,何人,ナニジン,ナニジン,2/4,C2
何人,1345,1345,7677,名詞,一般,*,*,*,*,何人,ナンピト,ナンピト,0/4,C2
何人,1366,1366,6684,名詞,代名詞,一般,*,*,*,何人,ナニビト,ナニビト,0/4,C2
何処,1366,1366,3596,名詞,代名詞,一般,*,*,*,何処,ドコ,ドコ,1/2,C3
何処,1366,1366,5175,名詞,代名詞,一般,*,*,*,何処,イズコ,イズコ,1/3,C2
何分,1341,1341,5563,副詞,一般,*,*,*,*,何分,ナンフン,ナンフン,1/4,*
何分,1345,1345,5626,名詞,一般,*,*,*,*,何分,ナンプン,ナンプン,1/4,C1
何分,1345,1345,6680,名詞,一般,*,*,*,*,何分,ナニブン,ナニブン,0/4,C2
何故,1341,1341,5269,副詞,一般,*,*,*,*,何故,ナニユエ,ナニユエ,0/4,*
何故,1342,1342,4229,副詞,助詞類接続,*,*,*,*,何故,ナゼ,ナゼ,1/2,*
何時,1345,1345,5998,名詞,一般,*,*,*,*,何時,ナンジ,ナンジ,1/3,C2
何時,1345,1345,5998,名詞,一般,*,*,*,*,何時,ナンドキ,ナンドキ,0/4,C2
何時,1366,1366,5935,名詞,代名詞,一般,*,*,*,何時,イツ,イツ,1/2,C3
何色,1345,1345,11779,名詞,一般,*,*,*,*,何色,ナニイロ,ナニイロ,0/4,C2
何色,1345,1345,13779,名詞,一般,*,*,*,*,何色,ナンショク,ナンショク,0/4,C1
余波,1345,1345,5133,名詞,一般,*,*,*,*,余波,ヨハ,ヨハ,1/2,C3
余波,1345,1345,6290,名詞,一般,*,*,*,*,余波,ナゴリ,ナゴリ,3/3,C2
作法,1345,1345,5746,名詞,一般,*,*,*,*,作法,サホウ,サホー,1/3,C1
作法,1345,1345,10000,名詞,一般,*,*,*,*,作法,サクホウ,サクホウ,0/4,C1
作物,1345,1345,4981,名詞,一般,*,*,*,*,作物,サクモツ,サクモツ,2/4,C2
作物,1345,1345,6484,名詞,一般,*,*,*,*,作物,サクブツ,サクブツ,2/4,C2
例,1345,1345,5585,名詞,一般,*,*,*,*,例,レイ,レー,1/2,C3
例,1345,1345,5648,名詞,一般,*,*,*,*,例,タメシ,タメシ,3/3,C1
例,1360,1360,10284,名詞,接尾,助数詞,*,*,*,例,レイ,レー,1/2,C3
例,649,649,8367,動詞,自立,*,*,一段,未然形,例る,タトエ,タトエ,1/3,*
例,652,652,8367,動詞,自立,*,*,一段,連用形,例る,タトエ,タトエ,1/3,*
便,1345,1345,6339,名詞,一般,*,*,*,*,便,ビン,ビン,1/2,C4
便,1345,1345,6604,名詞,一般,*,*,*,*,便,ベン,ベン,1/2,C3
便,1345,1345,8314,名詞,一般,*,*,*,*,便,ヨスガ,ヨスガ,1/3,C3
便,1358,1358,7191,名詞,接尾,一般,*,*,*,便,ビン,ビン,1/2,C4
便,1360,1360,8464,名詞,接尾,助数詞,*,*,*,便,ビン,ビン,1/2,C3
便,811,811,7038,動詞,自立,*,*,五段・ラ行,体言接続特殊２,便る,タヨ,タヨ,1/2,*
係る,807,807,6939,動詞,自立,*,*,五段・ラ行,基本形,係る,カカル,カカル,2/3,*
係る,807,807,7017,動詞,自立,*,*,五段・ラ行,基本形,係る,カカワル,カカワル,2/4,*
値,1343,1343,9124,名詞,サ変接続,*,*,*,*,値,アタイ,アタイ,0/3,C2
値,1345,1345,7780,名詞,一般,*,*,*,*,値,ネ,ネ,0/1,C2
値,1345,1345,8768,名詞,一般,*,*,*,*,値,アタイ,アタイ,0/3,C2
値,1358,1358,11224,名詞,接尾,一般,*,*,*,値,ネ,ネ,0/1,C2
値,1358,1358,9472,名詞,接尾,一般,*,*,*,値,チ,チ,0/1,C2
側,1345,1345,10283,名詞,一般,*,*,*,*,側,ソバ,ソバ,1/2,C4
側,1345,1345,8096,名詞,一般,*,*,*,*,側,ガワ,ガワ,0/2,C4
側,1358,1358,10699,名詞,接尾,一般,*,*,*,側,カワ,カワ,2/2,C4
側,1358,1358,6954,名詞,接尾,一般,*,*,*,側,ガワ,ガワ,2/2,C4
側,1371,1371,11297,名詞,非自立,一般,*,*,*,側,ガワ,ガワ,0/2,C4
傾く,707,707,6156,動詞,自立,*,*,五段・カ行イ音便,基本形,傾く,カタムク,カタムク,3/4,*
傾く,707,707,7312,動詞,自立,*,*,五段・カ行イ音便,基本形,傾く,カタブク,カタブク,3/4,*
僕,1345,1345,7070,名詞,一般,*,*,*,*,僕,シモベ,シモベ,0/3,C2
僕,1366,1366,2773,名詞,代名詞,一般,*,*,*,僕,ボク,ボク,1/2,C3
兄妹,1345,1345,5391,名詞,一般,*,*,*,*,兄妹,キョウダイ,キョーダイ,1/4,C1
兄弟,1345,1345,4106,名詞,一般,*,*,*,*,兄弟,キョウダイ,キョーダイ,1/4,C1
兄弟,1345,1345,7431,名詞,一般,*,*,*,*,兄弟,ケイテイ,ケーテー,1/4,C1
入会,1343,1343,3654,名詞,サ変接続,*,*,*,*,入会,ニュウカイ,ニューカイ,0/4,C2
入会,1345,1345,6418,名詞,一般,*,*,*,*,入会,イリアイ,イリアイ,0/4,C2
入会,1353,1353,8284,名詞,固有名詞,地域,一般,*,*,入会,ニュウカイ,ニューカイ,0/4,C2
入会地,1353,1353,8562,名詞,固有名詞,地域,一般,*,*,入会地,イリアイチ,イリアイチ,3/5,C1
入会地,1353,1353,8562,名詞,固有名詞,地域,一般,*,*,入会地,ニュウカイチ,ニューカイチ,3/5,C1
入水,1343,1343,4074,名詞,サ変接続,*,*,*,*,入水,ジュスイ,ジュスイ,0/3,C2
入水,1343,1343,4757,名詞,サ変接続,*,*,*,*,入水,ニュウスイ,ニュースイ,0/4,C2
入水,1353,1353,8572,名詞,固有名詞,地域,一般,*,*,入水,イリミズ,イリミズ,0/4,C1
入魂,1345,1345,3640,名詞,一般,*,*,*,*,入魂,ニュウコン,ニューコン,0/4,C2
入魂,1345,1345,5746,名詞,一般,*,*,*,*,入魂,ジッコン,ジッコン,0/4,C2
入魂,1345,1345,5746,名詞,一般,*,*,*,*,入魂,ニュウコン,ニューコン,0/4,C2
入魂,1347,1347,4640,名詞,形容動詞語幹,*,*,*,*,入魂,ジッコン,ジッコン,0/4,C2
八戸,1348,1348,4003,名詞,固有名詞,一般,*,*,*,八戸,ハチノヘ,ハチノヘ,3/4,C1
八戸,1353,1353,2670,名詞,固有名詞,地域,一般,*,*,八戸,ハチノヘ,ハチノヘ,3/4,C1
八戸,1353,1353,6253,名詞,固有名詞,地域,一般,*,*,八戸,ヤエ,ヤエ,1/2,C3
八戸,1353,1353,6253,名詞,固有名詞,地域,一般,*,*,八戸,ヤト,ヤト,0/2,C3
八戸,1355,1355,8615,名詞,数,*,*,*,*,八戸,ハチコ,ハチコ,2/3,C3
公文,1345,1345,3498,名詞,一般,*,*,*,*,公文,コウブン,コーブン,0/4,C2
公文,1350,1350,6897,名詞,固有名詞,人名,姓,*,*,公文,クモン,クモン,1/3,C1
公文,1353,1353,7949,名詞,固有名詞,地域,一般,*,*,公文,クモン,クモン,1/3,C1
兵,1345,1345,5813,名詞,一般,*,*,*,*,兵,ヘイ,ヘー,1/2,C3
兵,1345,1345,5876,名詞,一般,*,*,*,*,兵,ツワモノ,ツワモノ,0/4,C2
兵,1353,1353,9301,名詞,固有名詞,地域,一般,*,*,兵,ヒョウ,ヒョー,1/2,C3
兵,1358,1358,8286,名詞,接尾,一般,*,*,*,兵,ヘイ,ヘー,1/2,C3
内輪,1345,1345,5682,名詞,一般,*,*,*,*,内輪,ウチワ,ウチワ,0/3,C2
内輪,1345,1345,7682,名詞,一般,*,*,*,*,内輪,ナイリン,ナイリン,0/4,C2
凹ま,797,797,9462,動詞,自立,*,*,五段・マ行,未然形,凹む,クボマ,クボマ,0/3,*
凹み,800,800,9462,動詞,自立,*,*,五段・マ行,連用形,凹む,クボミ,クボミ,0/3,*
凹みゃ,794,794,9462,動詞,自立,*,*,五段・マ行,仮定縮約１,凹む,クボミャ,クボミャ,0/3,*
凹む,795,795,6962,動詞,自立,*,*,五段・マ行,基本形,凹む,ヘコム,ヘコム,0/3,*
凹む,795,795,9462,動詞,自立,*,*,五段・マ行,基本形,凹む,クボム,クボム,0/3,*
凹め,793,793,9462,動詞,自立,*,*,五段・マ行,仮定形,凹む,クボメ,クボメ,0/3,*
凹め,798,798,9462,動詞,自立,*,*,五段・マ行,命令ｅ,凹む,クボメ,クボメ,0/3,*
凹も,796,796,9462,動詞,自立,*,*,五段・マ行,未然ウ接続,凹む,クボモ,クボモ,0/3,*
凹ん,799,799,9462,動詞,自立,*,*,五段・マ行,連用タ接続,凹む,クボン,クボン,0/3,*
出店,1343,1343,3664,名詞,サ変接続,*,*,*,*,出店,シュッテン,シュッテン,0/4,C2
出店,1345,1345,6396,名詞,一般,*,*,*,*,出店,デミセ,デミセ,0/3,C2
出所,1343,1343,3911,名詞,サ変接続,*,*,*,*,出所,シュッショ,シュッショ,0/3,C2
出所,1345,1345,6034,名詞,一般,*,*,*,*,出所,デドコロ,デドコロ,0/4,C2
出所,1345,1345,6035,名詞,一般,*,*,*,*,出所,デドコ,デドコ,0/3,C2
出来,1343,1343,7204,名詞,サ変接続,*,*,*,*,出来,シュツライ,シュツライ,0/4,C3
出来,1343,1343,7228,名詞,サ変接続,*,*,*,*,出来,シュッタイ,シュッタイ,0/4,C3
出来,1345,1345,4831,名詞,一般,*,*,*,*,出来,デキ,デキ,0/2,C3
出来,1353,1353,8414,名詞,固有名詞,地域,一般,*,*,出来,デキ,デキ,0/2,C3
出来,649,649,5414,動詞,自立,*,*,一段,未然形,出来る,デキ,デキ,0/2,*
出来,652,652,5414,動詞,自立,*,*,一段,連用形,出来る,デキ,デキ,0/2,*
出水,1343,1343,4497,名詞,サ変接続,*,*,*,*,出水,シュッスイ,シュッスイ,0/4,C2
出水,1345,1345,5992,名詞,一般,*,*,*,*,出水,デミズ,デミズ,0/3,C2
出水,1353,1353,7263,名詞,固有名詞,地域,一般,*,*,出水,イズミ,イズミ,0/3,C2
出水,1353,1353,8973,名詞,固有名詞,地域,一般,*,*,出水,イデミズ,イデミズ,0/4,C1
出水,1353,1353,8979,名詞,固有名詞,地域,一般,*,*,出水,デミズ,デミズ,1/3,C1
分別,1343,1343,4075,名詞,サ変接続,*,*,*,*,分別,フンベツ,フンベツ,1/4,C2
分別,1343,1343,4758,名詞,サ変接続,*,*,*,*,分別,ブンベツ,ブンベツ,0/4,C2
初め,1358,1358,12048,名詞,接尾,一般,*,*,*,初め,ゾメ,ゾメ,0/2,C4
初め,1374,1374,6991,名詞,非自立,副詞可能,*,*,*,初め,ハジメ,ハジメ,0/3,C2
初め,1375,1375,2516,名詞,副詞可能,*,*,*,*,初め,ハジメ,ハジメ,0/3,C2
初め,649,649,10644,動詞,自立,*,*,一段,未然形,初める,ソメ,ソメ,0/2,*
初め,652,652,10644,動詞,自立,*,*,一段,連用形,初める,ソメ,ソメ,0/2,*
初め,966,966,11651,動詞,非自立,*,*,一段,未然形,初める,ゾメ,ゾメ,0/2,*
初め,971,971,11651,動詞,非自立,*,*,一段,連用形,初める,ゾメ,ゾメ,0/2,*
初心,1345,1345,4889,名詞,一般,*,*,*,*,初心,ショシン,ショシン,0/3,C2
初心,1345,1345,7354,名詞,一般,*,*,*,*,初心,ウブ,ウブ,0/2,C2
初心,1347,1347,6420,名詞,形容動詞語幹,*,*,*,*,初心,ウブ,ウブ,0/2,C2
初日,1353,1353,8678,名詞,固有名詞,地域,一般,*,*,初日,ハツヒ,ハツヒ,0/3,C2
初日,1375,1375,4717,名詞,副詞可能,*,*,*,*,初日,ショニチ,ショニチ,0/3,C2
利益,1345,1345,4417,名詞,一般,*,*,*,*,利益,リエキ,リエキ,1/3,C1
利益,1345,1345,8661,名詞,一般,*,*,*,*,利益,リヤク,リヤク,1/3,C1
前説,1345,1345,4734,名詞,一般,*,*,*,*,前説,マエセツ,マエセツ,0/4,C2
前説,1345,1345,5734,名詞,一般,*,*,*,*,前説,ゼンセツ,ゼンセツ,0/4,C2
力,1345,1345,5000,名詞,一般,*,*,*,*,力,チカラ,チカラ,3/3,C2
労わり,823,823,7948,動詞,自立,*,*,五段・ラ行,連用形,労わる,イタワリ,イタワリ,3/4,*
包む,795,795,5082,動詞,自立,*,*,五段・マ行,基本形,包む,ツツム,ツツム,2/3,*
包む,795,795,6844,動詞,自立,*,*,五段・マ行,基本形,包む,クルム,クルム,2/3,*
北上,1343,1343,4084,名詞,サ変接続,*,*,*,*,北上,ホクジョウ,ホクジョー,0/4,C2
北上,1348,1348,8844,名詞,固有名詞,一般,*,*,*,北上,キタカミ,キタカミ,0/4,C2
北上,1350,1350,7784,名詞,固有名詞,人名,姓,*,*,北上,キタカミ,キタカミ,0/4,C2
北上,1353,1353,7829,名詞,固有名詞,地域,一般,*,*,北上,ホクジョウ,ホクジョー,0/4,C2
北上,1353,1353,8833,名詞,固有名詞,地域,一般,*,*,北上,キタウワ,キタウワ,0/4,C2
北上,1353,1353,8865,名詞,固有名詞,地域,一般,*,*,北上,キタカミ,キタカミ,0/4,C2
北千里,1348,1348,8609,名詞,固有名詞,一般,*,*,*,北千里,キタセンリ,キタセンリ,3/5,C1
十三,1351,1351,7989,名詞,固有名詞,人名,名,*,*,十三,ジュウザ,ジューザ,1/3,C2
十三,1353,1353,5000,名詞,固有名詞,地域,一般,*,*,十三,ジュウソウ,ジューソー,0/4,C2
十三,1353,1353,8664,名詞,固有名詞,地域,一般,*,*,十三,ジュウサン,ジューサン,1/4,C2
十三,1355,1355,2782,名詞,数,*,*,*,*,十三,ジュウサン,ジューサン,1/4,C3
十八番,1345,1345,4112,名詞,一般,*,*,*,*,十八番,ジュウハチバン,ジューハチバン,4/6,C1
十八番,1345,1345,4851,名詞,一般,*,*,*,*,十八番,オハコ,オハコ,0/3,C2
十分,1340,1340,7498,副詞,*,*,*,*,*,十分,ジュウブン,ジューブン,3/4,*
十分,1345,1345,4009,名詞,一般,*,*,*,*,十分,ジップン,ジップン,1/4,C2
十分,1345,1345,4009,名詞,一般,*,*,*,*,十分,ジュップン,ジュップン,1/4,C2
十分,1347,1347,2200,名詞,形容動詞語幹,*,*,*,*,十分,ジュウブン,ジューブン,3/4,C2
千歳,1345,1345,4247,名詞,一般,*,*,*,*,千歳,チトセ,チトセ,0/3,C2
千歳,1345,1345,4900,名詞,一般,*,*,*,*,千歳,センザイ,センザイ,0/4,C2
千歳,1348,1348,5687,名詞,固有名詞,一般,*,*,*,千歳,チトセ,チトセ,0/3,C2
千歳,1350,1350,6231,名詞,固有名詞,人名,姓,*,*,千歳,チトセ,チトセ,0/3,C2
千歳,1351,1351,6056,名詞,固有名詞,人名,名,*,*,千歳,チトセ,チトセ,0/3,C2
千歳,1353,1353,5106,名詞,固有名詞,地域,一般,*,*,千歳,チトセ,チトセ,0/3,C2
千歳,1353,1353,6762,名詞,固有名詞,地域,一般,*,*,千歳,センザイ,センザイ,0/4,C2
千里,1351,1351,6000,名詞,固有名詞,人名,名,*,*,千里,チサト,チサト,0/3,C1
半月,1345,1345,4887,名詞,一般,*,*,*,*,半月,ハンツキ,ハンツキ,4/4,C2
半月,1345,1345,5702,名詞,一般,*,*,*,*,半月,ハンゲツ,ハンゲツ,1/4,C2
半月,1351,1351,8523,名詞,固有名詞,人名,名,*,*,半月,ハンゲツ,ハンゲツ,1/4,C2
半月,1375,1375,5429,名詞,副詞可能,*,*,*,*,半月,ハンツキ,ハンツキ,4/4,C2
半生,1345,1345,5751,名詞,一般,*,*,*,*,半生,ハンセイ,ハンセー,1/4,C1
半生,1345,1345,5814,名詞,一般,*,*,*,*,半生,ハンショウ,ハンショウ,1/4,C1
半生,1345,1345,5814,名詞,一般,*,*,*,*,半生,ハンナマ,ハンナマ,0/4,C1
南風,1345,1345,5746,名詞,一般,*,*,*,*,南風,ミナミカゼ,ミナミカゼ,0/5,C2
南風,1345,1345,6025,名詞,一般,*,*,*,*,南風,ハエ,ハエ,0/2,C3
南風,1350,1350,7521,名詞,固有名詞,人名,姓,*,*,南風,ミナミカゼ,ミナミカゼ,3/5,C2
単語帳,1345,1345,4746,名詞,一般,*,*,*,*,単語帳,タンゴチョウ,タンゴチョー,3/5,C2
博士,1345,1345,2605,名詞,一般,*,*,*,*,博士,ハカセ,ハカセ,1/3,C1
博士,1345,1345,6556,名詞,一般,*,*,*,*,博士,ハクシ,ハクシ,1/3,C1
博士,1351,1351,10924,名詞,固有名詞,人名,名,*,*,博士,ヒロシ,ヒロシ,1/3,C1
原,1345,1345,8227,名詞,一般,*,*,*,*,原,ハラ,ハラ,1/2,C3
原,1348,1348,9779,名詞,固有名詞,一般,*,*,*,原,ハラ,ハラ,1/2,C3
原,1350,1350,6819,名詞,固有名詞,人名,姓,*,*,原,ハラ,ハラ,1/2,C3
原,1351,1351,10405,名詞,固有名詞,人名,名,*,*,原,ゲン,ゲン,1/2,C3
原,1353,1353,10377,名詞,固有名詞,地域,一般,*,*,原,ハラ,ハラ,1/2,C3
原,1353,1353,10696,名詞,固有名詞,地域,一般,*,*,原,ハラノ,ハラノ,1/3,C2
原,1353,1353,10810,名詞,固有名詞,地域,一般,*,*,原,ハル,ハル,1/2,C3
原,1358,1358,11012,名詞,接尾,一般,*,*,*,原,バラ,バラ,1/2,C4
原,585,585,7773,接頭詞,名詞接続,*,*,*,*,原,ゲン,ゲン,2/2,P2
取手,1345,1345,6191,名詞,一般,*,*,*,*,取手,トッテ,トッテ,3/3,C2
取手,1348,1348,8276,名詞,固有名詞,一般,*,*,*,取手,トリデ,トリデ,0/3,C1
取手,1353,1353,7951,名詞,固有名詞,地域,一般,*,*,取手,トリデ,トリデ,0/3,C1
口惜しい,42,42,4000,形容詞,自立,*,*,形容詞・イ段,基本形,口惜しい,クチオシイ,クチオシー,4/5,C1
口惜しい,42,42,4448,形容詞,自立,*,*,形容詞・イ段,基本形,口惜しい,クヤシイ,クヤシイ,3/4,*
口惜しい,42,42,4449,形容詞,自立,*,*,形容詞・イ段,基本形,口惜しい,クチオシイ,クチオシイ,4/5,*
口数,1345,1345,5746,名詞,一般,*,*,*,*,口数,クチカズ,クチカズ,0/4,C2
口数,1345,1345,7746,名詞,一般,*,*,*,*,口数,クチスウ,クチスー,3/4,C2
古本,1345,1345,5746,名詞,一般,*,*,*,*,古本,フルホン,フルホン,0/4,C2
古本,1350,1350,7521,名詞,固有名詞,人名,姓,*,*,古本,フルモト,フルモト,0/4,C2
古本,1345,1345,10000,名詞,一般,*,*,*,*,古本,コホン,コホン,0/3,C2
叩き,1345,1345,5744,名詞,一般,*,*,*,*,叩き,ハタキ,ハタキ,3/3,C2
叩き,1345,1345,5746,名詞,一般,*,*,*,*,叩き,ダタキ,ダタキ,3/3,C2
叩き,1345,1345,5752,名詞,一般,*,*,*,*,叩き,タタキ,タタキ,3/3,C2
叩き,717,717,6960,動詞,自立,*,*,五段・カ行イ音便,連用形,叩く,ハタキ,ハタキ,3/3,*
叩き,717,717,6968,動詞,自立,*,*,五段・カ行イ音便,連用形,叩く,タタキ,タタキ,3/3,*
叩く,707,707,6961,動詞,自立,*,*,五段・カ行イ音便,基本形,叩く,タタク,タタク,2/3,*
叩く,707,707,6962,動詞,自立,*,*,五段・カ行イ音便,基本形,叩く,ハタク,ハタク,2/3,*
合力,1343,1343,4603,名詞,サ変接続,*,*,*,*,合力,ゴウリョク,ゴーリョク,1/4,C1
合力,1345,1345,5992,名詞,一般,*,*,*,*,合力,ゴウリキ,ゴーリキ,0/4,C2
合力,1353,1353,8796,名詞,固有名詞,地域,一般,*,*,合力,ゴウリキ,ゴーリキ,0/4,C2
同人,1345,1345,5746,名詞,一般,*,*,*,*,同人,ドウジン,ドージン,0/4,C2
名主,1345,1345,4746,名詞,一般,*,*,*,*,名主,ミョウシュ,ミョーシュ,1/3,C2
名主,1345,1345,5746,名詞,一般,*,*,*,*,名主,ナヌシ,ナヌシ,0/3,C2
名代,1345,1345,5746,名詞,一般,*,*,*,*,名代,ナダイ,ナダイ,0/3,C2
名代,1345,1345,5746,名詞,一般,*,*,*,*,名代,ミョウダイ,ミョーダイ,0/4,C2
吐く,707,707,7583,動詞,自立,*,*,五段・カ行イ音便,基本形,吐く,ハク,ハク,1/2,*
呪い,1345,1345,5554,名詞,一般,*,*,*,*,呪い,ノロイ,ノロイ,0/3,C2
呪い,1345,1345,6048,名詞,一般,*,*,*,*,呪い,マジナイ,マジナイ,0/4,C2
呪い,869,869,7192,動詞,自立,*,*,五段・ワ行促音便,連用形,呪う,ノロイ,ノロイ,0/3,*
和解,1343,1343,4300,名詞,サ変接続,*,*,*,*,和解,ワカイ,ワカイ,0/3,C2
品,1345,1345,8378,名詞,一般,*,*,*,*,品,シナ,シナ,0/2,C3
品,1345,1345,9026,名詞,一般,*,*,*,*,品,ヒン,ヒン,0/2,C3
品,1358,1358,10195,名詞,接尾,一般,*,*,*,品,ヒン,ヒン,0/2,C4
品,1358,1358,13580,名詞,接尾,一般,*,*,*,品,ピン,ピン,0/2,C4
品,1360,1360,11434,名詞,接尾,助数詞,*,*,*,品,ヒン,ヒン,0/2,C3
品,1360,1360,12259,名詞,接尾,助数詞,*,*,*,品,シナ,シナ,0/2,C3
四仏,1345,1345,3000,名詞,一般,*,*,*,*,四仏,シブツ,シブツ,1/3,C1
四国,1350,1350,2200,名詞,固有名詞,人名,姓,*,*,*,シコク,シコク,1/3,C1
四国,1353,1353,2173,名詞,固有名詞,地域,一般,*,*,四国,シコク,シコク,1/3,C1
図画,1345,1345,5687,名詞,一般,*,*,*,*,図画,ズガ,ズガ,1/2,C3
国立,1345,1345,3300,名詞,一般,*,*,*,*,国立,コクリツ,コクリツ,0/4,C2
国立,1348,1348,7614,名詞,固有名詞,一般,*,*,*,国立,クニタチ,クニタチ,0/4,C2
国立,1350,1350,7537,名詞,固有名詞,人名,姓,*,*,国立,クニタチ,クニタチ,0/4,C2
国立,1353,1353,6794,名詞,固有名詞,地域,一般,*,*,国立,クニタチ,クニタチ,0/4,C2
国立,1353,1353,8327,名詞,固有名詞,地域,一般,*,*,国立,クニタテ,クニタテ,0/4,C2
土,1345,1345,5344,名詞,一般,*,*,*,*,土,ツチ,ツチ,2/2,C3
土,1345,1345,5870,名詞,一般,*,*,*,*,土,ド,ド,1/1,C3
土,1353,1353,10858,名詞,固有名詞,地域,一般,*,*,土,ハニ,ハニ,2/2,C3
土,1353,1353,11010,名詞,固有名詞,地域,一般,*,*,土,ツチ,ツチ,2/2,C3
土,1353,1353,11137,名詞,固有名詞,地域,一般,*,*,土,ド,ド,1/1,C3
土,1358,1358,9807,名詞,接尾,一般,*,*,*,土,ド,ド,1/1,C3
土,585,585,8644,接頭詞,名詞接続,*,*,*,*,土,ド,ド,1/1,P2
地方,1345,1345,3805,名詞,一般,*,*,*,*,地方,チホウ,チホー,2/3,C1
地方,1363,1363,7946,名詞,接尾,地域,*,*,*,地方,チホウ,チホー,1/3,C2
地方,1345,1345,10000,名詞,一般,*,*,*,*,地方,ジカタ,ジカタ,0/3,C2
地頭,1345,1345,5744,名詞,一般,*,*,*,*,地頭,ジアタマ,ジアタマ,0/4,C1
地頭,1345,1345,5745,名詞,一般,*,*,*,*,地頭,ジトウ,ジトー,0/3,C2
地頭,1353,1353,8561,名詞,固有名詞,地域,一般,*,*,地頭,ジトウ,ジトー,0/3,C2
地頭所,1353,1353,5000,名詞,固有名詞,地域,一般,*,*,地頭所,ジトウショ,ジトーショ,0/4,C1
地魚,1345,1345,9000,名詞,一般,*,*,*,*,地魚,ジザカナ,ジザカナ,2/4,C1
堂に入っ,821,821,6628,動詞,自立,*,*,五段・ラ行,連用タ接続,堂に入る,ドウニイッ,ドーニイッ,0/5,C1
堪える,645,645,6935,動詞,自立,*,*,一段,基本形,堪える,コタエル,コタエル,3/4,*
堪える,645,645,6961,動詞,自立,*,*,一段,基本形,堪える,タエル,タエル,2/3,*
堪える,645,645,6962,動詞,自立,*,*,一段,基本形,堪える,コラエル,コラエル,3/4,*
堪え難い,20,20,4423,形容詞,自立,*,*,形容詞・アウオ段,基本形,堪え難い,タエガタイ,タエガタイ,4/5,*
堪忍袋の緒,1345,1345,5746,名詞,一般,*,*,*,*,堪忍袋の:緒,カンニンブクロノ:オ,カンニンブクロノ:オ,5/8:1/1,C1
堪難い,20,20,4423,形容詞,自立,*,*,形容詞・アウオ段,基本形,堪難い,タエガタイ,タエガタイ,4/5,*
塒,1345,1345,5744,名詞,一般,*,*,*,*,塒,ネグラ,ネグラ,0/3,C2
塒,1345,1345,5746,名詞,一般,*,*,*,*,塒,トグロ,トグロ,0/3,C2
塒,1345,1345,5747,名詞,一般,*,*,*,*,塒,トヤ,トヤ,0/2,C3
塗れる,645,645,6962,動詞,自立,*,*,一段,基本形,塗れる,ヌレル,ヌレル,0/3,*
塗れる,645,645,6962,動詞,自立,*,*,一段,基本形,塗れる,マミレル,マミレル,3/4,*
墓穴,1345,1345,5746,名詞,一般,*,*,*,*,墓穴,ボケツ,ボケツ,0/3,C2
変化,1343,1343,1813,名詞,サ変接続,*,*,*,*,変化,ヘンカ,ヘンカ,1/3,C1
変化,1343,1343,6894,名詞,サ変接続,*,*,*,*,変化,ヘンゲ,ヘンゲ,1/3,C1
夏日,1345,1345,11802,名詞,一般,*,*,*,*,夏日,カジツ,カジツ,1/3,C1
夏日,1345,1345,9302,名詞,一般,*,*,*,*,夏日,ナツビ,ナツビ,2/3,C1
外面,1345,1345,5746,名詞,一般,*,*,*,*,外面,ガイメン,ガイメン,0/4,C2
外面,1345,1345,5746,名詞,一般,*,*,*,*,外面,ソトヅラ,ソトズラ,0/4,C2
大事,1345,1345,6623,名詞,一般,*,*,*,*,大事,ダイジ,ダイジ,3/3,C2
大事,1345,1345,7707,名詞,一般,*,*,*,*,大事,オオゴト,オーゴト,0/4,C2
大事,1347,1347,3038,名詞,形容動詞語幹,*,*,*,*,大事,ダイジ,ダイジ,3/3,C2
大人,1345,1345,3555,名詞,一般,*,*,*,*,大人,オトナ,オトナ,0/3,C2
大人,1345,1345,8296,名詞,一般,*,*,*,*,大人,タイジン,タイジン,0/4,C2
大人気,1344,1344,5055,名詞,ナイ形容詞語幹,*,*,*,*,大人気,オトナゲ,オトナゲ,0/4,C2
大人気,1347,1347,3351,名詞,形容動詞語幹,*,*,*,*,大人気,ダイニンキ,ダイニンキ,3/5,C1
大分,1341,1341,5438,副詞,一般,*,*,*,*,大分,ダイブ,ダイブ,0/3,*
大分,1341,1341,5805,副詞,一般,*,*,*,*,大分,ダイブン,ダイブン,0/4,*
大分,1348,1348,6369,名詞,固有名詞,一般,*,*,*,大分,オオイタ,オーイタ,1/4,C2
大分,1352,1352,5056,名詞,固有名詞,組織,*,*,*,大分,オオイタ,オーイタ,1/4,C2
大分,1353,1353,3801,名詞,固有名詞,地域,一般,*,*,大分,オオイタ,オーイタ,1/4,C2
大分,1353,1353,8457,名詞,固有名詞,地域,一般,*,*,大分,ダイブ,ダイブ,1/3,C1
大勢,1345,1345,5629,名詞,一般,*,*,*,*,大勢,オオゼイ,オーゼー,3/4,C2
大勢,1345,1345,6266,名詞,一般,*,*,*,*,大勢,タイセイ,タイセー,0/4,C2
大口,1345,1345,4040,名詞,一般,*,*,*,*,大口,オオグチ,オーグチ,0/4,C1
大口,1345,1345,6687,名詞,一般,*,*,*,*,大口,オオクチ,オークチ,1/4,C1
大口,1348,1348,7914,名詞,固有名詞,一般,*,*,*,大口,オオグチ,オーグチ,1/4,C1
大口,1350,1350,7348,名詞,固有名詞,人名,姓,*,*,大口,オオグチ,オーグチ,1/4,C1
大口,1350,1350,9238,名詞,固有名詞,人名,姓,*,*,大口,オオクチ,オークチ,1/4,C1
大口,1353,1353,10157,名詞,固有名詞,地域,一般,*,*,大口,オオクチ,オークチ,1/4,C1
大口,1353,1353,7862,名詞,固有名詞,地域,一般,*,*,大口,オオグチ,オーグチ,1/4,C1
大和,1345,1345,5407,名詞,一般,*,*,*,*,大和,ヤマト,ヤマト,1/3,C1
大和,1345,1345,5621,名詞,一般,*,*,*,*,大和,ヤマト,ヤマト,1/3,C1
大和,1348,1348,7333,名詞,固有名詞,一般,*,*,*,大和,ヤマト,ヤマト,1/3,C1
大和,1350,1350,6983,名詞,固有名詞,人名,姓,*,*,大和,ヤマト,ヤマト,1/3,C1
大和,1350,1350,8362,名詞,固有名詞,人名,姓,*,*,大和,タイワ,タイワ,1/3,C2
大和,1352,1352,6407,名詞,固有名詞,組織,*,*,*,大和,ダイワ,ダイワ,1/3,C2
大和,1353,1353,4970,名詞,固有名詞,地域,一般,*,*,大和,ヤマト,ヤマト,1/3,C1
大和,1353,1353,7659,名詞,固有名詞,地域,一般,*,*,大和,ダイワ,ダイワ,1/3,C2
大和,1353,1353,7849,名詞,固有名詞,地域,一般,*,*,大和,オワ,オワ,1/2,C2
大和,1353,1353,8113,名詞,固有名詞,地域,一般,*,*,大和,オオワ,オーワ,1/3,C2
大和,1353,1353,8214,名詞,固有名詞,地域,一般,*,*,大和,タイワ,タイワ,1/3,C2
大和,585,585,6987,接頭詞,名詞接続,*,*,*,*,大和,ヤマト,ヤマト,1/3,P2
大和ハウス,1352,1352,5158,名詞,固有名詞,組織,*,*,*,大和ハウス,ダイワハウス,ダイワハウス,4/6,C1
大和証券,1352,1352,6805,名詞,固有名詞,組織,*,*,*,大和証券,ダイワショウケン,ダイワショーケン,4/7,C1
大太鼓,1345,1345,5698,名詞,一般,*,*,*,*,大太鼓,オオダイコ,オーダイコ,3/5,C1
大太鼓,1345,1345,7641,名詞,一般,*,*,*,*,大太鼓,ダダイコ,ダダイコ,2/4,C1
大家,1345,1345,4708,名詞,一般,*,*,*,*,大家,オオヤ,オーヤ,1/3,C1
大家,1345,1345,4709,名詞,一般,*,*,*,*,大家,タイカ,タイカ,1/3,C1
大家,1345,1345,5981,名詞,一般,*,*,*,*,大家,タイケ,タイケ,1/3,C1
大家,1350,1350,10000,名詞,固有名詞,人名,姓,*,*,大家,オオカ,オーカ,1/3,*
大家,1350,1350,10348,名詞,固有名詞,人名,姓,*,*,大家,ダイケ,ダイケ,1/3,C1
大手を振っ,821,821,4000,動詞,自立,*,*,五段・ラ行,連用タ接続,大手を振る,オオデヲフッ,オーデオフッ,5/6,C1
大手を振る,807,807,4000,動詞,自立,*,*,五段・ラ行,基本形,大手を振る,オオデヲフル,オーデオフル,5/6,C1
大文字,1345,1345,5746,名詞,一般,*,*,*,*,大文字,オオモジ,オーモジ,0/4,C2
大文字,1345,1345,5746,名詞,一般,*,*,*,*,大文字,ダイモンジ,ダイモンジ,0/5,C1
大文字,1348,1348,8609,名詞,固有名詞,一般,*,*,*,大文字,ダイモンジ,ダイモンジ,3/5,C1
大文字,1353,1353,8562,名詞,固有名詞,地域,一般,*,*,大文字,ダイモンジ,ダイモンジ,3/5,C1
大船,1345,1345,5747,名詞,一般,*,*,*,*,大船,オオブネ,オーブネ,0/4,C2
大船,1350,1350,7522,名詞,固有名詞,人名,姓,*,*,大船,オオフナ,オーフナ,0/4,C2
大船,1353,1353,8563,名詞,固有名詞,地域,一般,*,*,大船,オオフナ,オーフナ,0/4,C2
大船,1353,1353,8563,名詞,固有名詞,地域,一般,*,*,大船,オオフネ,オーフネ,0/4,C1
大麻,1345,1345,5143,名詞,一般,*,*,*,*,大麻,タイマ,タイマ,1/3,C1
大麻,1348,1348,8973,名詞,固有名詞,一般,*,*,*,大麻,オオアサ,オーアサ,1/4,C1
大麻,1353,1353,9113,名詞,固有名詞,地域,一般,*,*,大麻,オオサ,オーサ,1/3,C1
大麻,1353,1353,9126,名詞,固有名詞,地域,一般,*,*,大麻,オオアサ,オーアサ,1/4,C1
女色,1345,1345,5746,名詞,一般,*,*,*,*,女色,ジョショク,ジョショク,0/3,C2
如何,1341,1341,4514,副詞,一般,*,*,*,*,如何,イカ,イカ,2/2,*
如何,1341,1341,4971,副詞,一般,*,*,*,*,如何,イカガ,イカガ,2/3,*
如何,1345,1345,5194,名詞,一般,*,*,*,*,如何,イカ,イカ,2/2,C3
如何,1345,1345,5793,名詞,一般,*,*,*,*,如何,イカン,イカン,2/3,C2
如何様,1341,1341,5066,副詞,一般,*,*,*,*,如何様,イカサマ,イカサマ,0/4,*
如何様,1345,1345,5746,名詞,一般,*,*,*,*,如何様,イカサマ,イカサマ,0/4,C2
如何様,1345,1345,5746,名詞,一般,*,*,*,*,如何様,イカヨウ,イカヨー,0/4,C2
妬む,795,795,5962,動詞,自立,*,*,五段・マ行,基本形,妬む,ネタム,ネタム,2/3,*
妬む,795,795,6962,動詞,自立,*,*,五段・マ行,基本形,妬む,ソネム,ソネム,2/3,*
妬む,795,795,6962,動詞,自立,*,*,五段・マ行,基本形,妬む,ネタム,ネタム,2/3,*
姉妹,1345,1345,5687,名詞,一般,*,*,*,*,姉妹,シマイ,シマイ,1/3,C1
姉弟,1345,1345,10000,名詞,一般,*,*,*,*,姉弟,シテイ,シテー,1/3,*
姉弟,1345,1345,8990,名詞,一般,*,*,*,*,姉弟,キョウダイ,キョーダイ,1/4,C1
嫌気,1345,1345,5403,名詞,一般,*,*,*,*,嫌気,イヤケ,イヤケ,0/3,C2
嫌気,1345,1345,6086,名詞,一般,*,*,*,*,嫌気,イヤキ,イヤキ,0/3,C2
嬰児,1345,1345,5314,名詞,一般,*,*,*,*,嬰児,エイジ,エージ,1/3,C1
嬰児,1345,1345,6065,名詞,一般,*,*,*,*,嬰児,ミドリゴ,ミドリゴ,3/4,C1
字,1345,1345,5963,名詞,一般,*,*,*,*,字,ジ,ジ,1/1,C3
字,1345,1345,8252,名詞,一般,*,*,*,*,字,アザ,アザ,1/2,C3
字,1345,1345,8800,名詞,一般,*,*,*,*,字,アザナ,アザナ,1/3,C3
字,1360,1360,11859,名詞,接尾,助数詞,*,*,*,字,ジ,ジ,1/1,C3
宮城,1345,1345,7749,名詞,一般,*,*,*,*,宮城,キュウジョウ,キュージョー,0/4,C2
宮城,1350,1350,6172,名詞,固有名詞,人名,姓,*,*,宮城,ミヤギ,ミヤギ,1/3,C2
宮城,1353,1353,3622,名詞,固有名詞,地域,一般,*,*,宮城,ミヤギ,ミヤギ,1/3,C2
宮城,1353,1353,8878,名詞,固有名詞,地域,一般,*,*,宮城,ミヤグスク,ミヤグスク,1/5,C1
家,1345,1345,11020,名詞,一般,*,*,*,*,家,ヤ,ヤ,1/1,C3
家,1345,1345,11127,名詞,一般,*,*,*,*,家,ウチ,ウチ,2/2,C3
家,1345,1345,6085,名詞,一般,*,*,*,*,家,イエ,イエ,2/2,C3
家,1358,1358,7300,名詞,接尾,一般,*,*,*,家,カ,カ,1/1,C4
家,1360,1360,10949,名詞,接尾,助数詞,*,*,*,家,イエ,イエ,2/2,C3
家,1362,1362,8000,名詞,接尾,人名,*,*,*,家,ケ,ケ,1/1,C3
家主,1345,1345,5762,名詞,一般,*,*,*,*,家主,ヤヌシ,ヤヌシ,3/3,C2
寒気,1345,1345,5404,名詞,一般,*,*,*,*,寒気,サムケ,サムケ,3/3,C2
寒気,1345,1345,6099,名詞,一般,*,*,*,*,寒気,カンキ,カンキ,1/3,C2
対,1343,1343,8623,名詞,サ変接続,*,*,*,*,対,タイ,タイ,1/2,C3
対,1345,1345,8472,名詞,一般,*,*,*,*,対,ツイ,ツイ,1/2,C3
対,1356,1356,4817,名詞,接続詞的,*,*,*,*,対,タイ,タイ,1/2,C3
対,1360,1360,12485,名詞,接尾,助数詞,*,*,*,対,ツイ,ツイ,1/2,C3
対,585,585,3299,接頭詞,名詞接続,*,*,*,*,対,タイ,タイ,1/2,P1
小人,1345,1345,4650,名詞,一般,*,*,*,*,小人,コドモ,コドモ,0/3,C2
小人,1345,1345,5723,名詞,一般,*,*,*,*,小人,ショウニン,ショーニン,0/4,C2
小人,1345,1345,5927,名詞,一般,*,*,*,*,小人,コビト,コビト,0/3,C2
小人,1353,1353,8713,名詞,固有名詞,地域,一般,*,*,小人,コビト,コビト,0/3,C2
小倉,1345,1345,5205,名詞,一般,*,*,*,*,小倉,オグラ,オグラ,0/3,C2
小倉,1348,1348,6486,名詞,固有名詞,一般,*,*,*,小倉,コクラ,コクラ,0/3,C1
小倉,1348,1348,7538,名詞,固有名詞,一般,*,*,*,小倉,オグラ,オグラ,0/3,C2
小倉,1350,1350,5597,名詞,固有名詞,人名,姓,*,*,小倉,オグラ,オグラ,0/3,C2
小倉,1353,1353,5571,名詞,固有名詞,地域,一般,*,*,小倉,コクラ,コクラ,0/3,C1
小倉,1353,1353,7490,名詞,固有名詞,地域,一般,*,*,小倉,オグラ,オグラ,0/3,C2
小倉,1353,1353,8169,名詞,固有名詞,地域,一般,*,*,小倉,コゴエ,コゴエ,0/3,C2
小倉,1353,1353,8179,名詞,固有名詞,地域,一般,*,*,小倉,オクラ,オクラ,0/3,C2
小倉,1353,1353,8180,名詞,固有名詞,地域,一般,*,*,小倉,コグラ,コグラ,0/3,C1
小生,1353,1353,11120,名詞,固有名詞,地域,一般,*,*,小生,コモ,コモ,1/2,C3
小生,1366,1366,7669,名詞,代名詞,一般,*,*,*,小生,ショウセイ,ショーセー,1/4,C1
小麦粉,1345,1345,5498,名詞,一般,*,*,*,*,小麦粉,コムギコ,コムギコ,0/4,C2
山陰,1345,1345,6617,名詞,一般,*,*,*,*,山陰,ヤマカゲ,ヤマカゲ,0/4,C2
山陰,1353,1353,6639,名詞,固有名詞,地域,一般,*,*,山陰,サンイン,サンイン,0/4,C2
山陰,1353,1353,8092,名詞,固有名詞,地域,一般,*,*,山陰,ヤマゲ,ヤマゲ,0/3,C1
山陰,1353,1353,8595,名詞,固有名詞,地域,一般,*,*,山陰,ヤマカゲ,ヤマカゲ,0/4,C1
川柳,1345,1345,2960,名詞,一般,*,*,*,*,川柳,センリュウ,センリュー,1/4,C1
川柳,1345,1345,8205,名詞,一般,*,*,*,*,川柳,カワヤナギ,カワヤナギ,3/5,C1
川柳,1353,1353,10762,名詞,固有名詞,地域,一般,*,*,川柳,カワヤナギ,カワヤナギ,3/5,C1
工場,1345,1345,3341,名詞,一般,*,*,*,*,工場,コウジョウ,コージョー,3/4,C1
工場,1345,1345,7548,名詞,一般,*,*,*,*,工場,コウバ,コーバ,3/3,C1
工夫,1343,1343,3163,名詞,サ変接続,*,*,*,*,工夫,クフウ,クフー,0/3,C2
工夫,1345,1345,6789,名詞,一般,*,*,*,*,工夫,コウフ,コーフ,0/3,C2
市場,1345,1345,3295,名詞,一般,*,*,*,*,市場,シジョウ,シジョー,1/3,C1
市場,1345,1345,7807,名詞,一般,*,*,*,*,市場,イチバ,イチバ,1/3,C1
市場,1350,1350,10357,名詞,固有名詞,人名,姓,*,*,市場,イチバ,イチバ,1/3,C1
市場,1353,1353,11863,名詞,固有名詞,地域,一般,*,*,市場,イチバ,イチバ,1/3,C1
市場,1353,1353,9339,名詞,固有名詞,地域,一般,*,*,市場,シジョウ,シジョー,1/3,C1
平文,1345,1345,4746,名詞,一般,*,*,*,*,平文,ヒラブン,ヒラブン,0/4,C2
平文,1345,1345,5746,名詞,一般,*,*,*,*,平文,ヘイブン,ヘーブン,0/4,C2
平文,1345,1345,5809,名詞,一般,*,*,*,*,平文,ヒョウモン,ヒョウモン,0/4,C2
平野,1345,1345,5692,名詞,一般,*,*,*,*,平野,ヘイヤ,ヘーヤ,0/3,C2
平野,1348,1348,8042,名詞,固有名詞,一般,*,*,*,平野,ヒラノ,ヒラノ,0/3,C2
平野,1350,1350,7533,名詞,固有名詞,人名,姓,*,*,平野,ヒラノ,ヒラノ,0/3,C2
平野,1353,1353,6865,名詞,固有名詞,地域,一般,*,*,平野,ヒラノ,ヒラノ,0/3,C2
平野,1353,1353,9176,名詞,固有名詞,地域,一般,*,*,平野,タイラノ,タイラノ,0/4,C2
年中,1342,1342,6046,副詞,助詞類接続,*,*,*,*,年中,ネンジュウ,ネンジュー,1/4,*
年中,1345,1345,5994,名詞,一般,*,*,*,*,年中,ネンジュウ,ネンジュー,1/4,C1
年中,1345,1345,6748,名詞,一般,*,*,*,*,年中,ネンチュウ,ネンチュー,0/4,C2
年中,1375,1375,4748,名詞,副詞可能,*,*,*,*,年中,ネンジュウ,ネンジュー,1/4,C1
幾何,1345,1345,5287,名詞,一般,*,*,*,*,幾何,キカ,キカ,1/2,C3
床,1345,1345,4967,名詞,一般,*,*,*,*,床,ユカ,ユカ,0/2,C3
床,1345,1345,5893,名詞,一般,*,*,*,*,床,トコ,トコ,0/2,C3
床,1345,1345,7300,名詞,一般,*,*,*,*,床,ドコ,ドコ,0/2,C3
床,1360,1360,10845,名詞,接尾,助数詞,*,*,*,床,ショウ,ショー,0/2,C3
弄る,807,807,5962,動詞,自立,*,*,五段・ラ行,基本形,弄る,イジル,イジル,2/3,*
弄る,807,807,6962,動詞,自立,*,*,五段・ラ行,基本形,弄る,イジクル,イジクル,2/4,*
弄る,807,807,6962,動詞,自立,*,*,五段・ラ行,基本形,弄る,イジル,イジル,2/3,*
弄る,807,807,6962,動詞,自立,*,*,五段・ラ行,基本形,弄る,マサグル,マサグル,2/4,*
強力,1345,1345,5772,名詞,一般,*,*,*,*,強力,キョウリョク,キョーリョク,0/4,C2
強力,1345,1345,6776,名詞,一般,*,*,*,*,強力,ゴウリキ,ゴーリキ,0/4,C2
強力,1347,1347,3160,名詞,形容動詞語幹,*,*,*,*,強力,キョウリョク,キョーリョク,0/4,C2
強請る,807,807,6962,動詞,自立,*,*,五段・ラ行,基本形,強請る,ネダル,ネダル,0/3,*
強請る,807,807,7025,動詞,自立,*,*,五段・ラ行,基本形,強請る,ユスル,ユスル,0/3,C1
弾,1345,1345,5631,名詞,一般,*,*,*,*,弾,タマ,タマ,2/2,C3
弾,1345,1345,6535,名詞,一般,*,*,*,*,弾,ダン,ダン,1/2,C3
弾,1345,1345,7772,名詞,一般,*,*,*,*,弾,ダマ,ダマ,2/2,C4
弾,1351,1351,8529,名詞,固有名詞,人名,名,*,*,弾,ダン,ダン,1/2,C3
弾,1358,1358,7065,名詞,接尾,一般,*,*,*,弾,ダン,ダン,0/2,C3
弾,1358,1358,9966,名詞,接尾,一般,*,*,*,弾,ダマ,ダマ,2/2,C3
弾,1360,1360,8761,名詞,接尾,助数詞,*,*,*,弾,ダン,ダン,0/2,C3
弾い,1009,1009,9117,動詞,非自立,*,*,五段・カ行イ音便,連用タ接続,弾く,ビイ,ビイ,1/2,*
弾い,715,715,5876,動詞,自立,*,*,五段・カ行イ音便,連用タ接続,弾く,ヒイ,ヒイ,0/2,*
弾い,715,715,6972,動詞,自立,*,*,五段・カ行イ音便,連用タ接続,弾く,ハジイ,ハジイ,2/3,*
弾き,1013,1013,9051,動詞,非自立,*,*,五段・カ行イ音便,連用形,弾く,ビキ,ビキ,1/2,*
弾き,1345,1345,5700,名詞,一般,*,*,*,*,弾き,ビキ,ビキ,1/2,C3
弾き,1345,1345,5740,名詞,一般,*,*,*,*,弾き,ハジキ,ハジキ,1/3,C1
弾き,717,717,6139,動詞,自立,*,*,五段・カ行イ音便,連用形,弾く,ヒキ,ヒキ,1/2,*
弾き,717,717,6374,動詞,自立,*,*,五段・カ行イ音便,連用形,弾く,ハジキ,ハジキ,1/3,*
弾く,707,707,6095,動詞,自立,*,*,五段・カ行イ音便,基本形,弾く,ヒク,ヒク,0/2,*
弾く,707,707,7104,動詞,自立,*,*,五段・カ行イ音便,基本形,弾く,ハジク,ハジク,2/3,*
弾く,984,984,9114,動詞,非自立,*,*,五段・カ行イ音便,*,弾く,ビク,ビク,0/2,*
形相,1345,1345,5746,名詞,一般,*,*,*,*,形相,ギョウソウ,ギョーソー,0/4,C2
形相,1345,1345,5746,名詞,一般,*,*,*,*,形相,ケイソウ,ケーソー,0/4,C2
役所,1345,1345,4509,名詞,一般,*,*,*,*,役所,ヤクショ,ヤクショ,3/3,C2
役所,1345,1345,7382,名詞,一般,*,*,*,*,役所,ヤクドコロ,ヤクドコロ,3/5,C2
彼の,1376,1376,6961,連体詞,*,*,*,*,*,彼の,アノ,アノ,0/2,*
彼の,1376,1376,10000,連体詞,*,*,*,*,*,彼の,カノ,カノ,1/2,C1
彼奴,1345,1345,5744,名詞,一般,*,*,*,*,彼奴,アイツ,アイツ,1/3,C2
彼奴,1366,1366,4290,名詞,代名詞,一般,*,*,*,彼奴,アイツ,アイツ,0/3,C2
彼方,1345,1345,5746,名詞,一般,*,*,*,*,彼方,カナタ,カナタ,1/3,C1
彼方,1353,1353,8562,名詞,固有名詞,地域,一般,*,*,彼方,オチカタ,オチカタ,2/4,C2
後,1345,1345,10112,名詞,一般,*,*,*,*,後,ウシロ,ウシロ,0/3,C3
後,1345,1345,8959,名詞,一般,*,*,*,*,後,コウ,コー,1/2,C3
後,1353,1353,12393,名詞,固有名詞,地域,一般,*,*,後,ウシロ,ウシロ,0/3,C3
後,1365,1365,6068,名詞,接尾,副詞可能,*,*,*,後,ゴ,ゴ,1/1,C1
後,1365,1365,9483,名詞,接尾,副詞可能,*,*,*,後,ノチ,ノチ,2/2,C3
後,1374,1374,10226,名詞,非自立,副詞可能,*,*,*,後,ノチ,ノチ,0/2,F2@1
後,1375,1375,6289,名詞,副詞可能,*,*,*,*,後,アト,アト,1/2,C3
後,585,585,9243,接頭詞,名詞接続,*,*,*,*,後,コウ,コー,0/2,P2
後,585,585,9253,接頭詞,名詞接続,*,*,*,*,後,ゴ,ゴ,1/1,P1
後手,1345,1345,5419,名詞,一般,*,*,*,*,後手,ゴテ,ゴテ,0/2,C3
後手,1345,1345,6221,名詞,一般,*,*,*,*,後手,ウシロデ,ウシロデ,0/4,C3
後生,1345,1345,5547,名詞,一般,*,*,*,*,後生,ゴショウ,ゴショー,1/3,C1
後生,1345,1345,5620,名詞,一般,*,*,*,*,後生,コウセイ,コーセー,1/4,C1
得る,645,645,6569,動詞,自立,*,*,一段,基本形,得る,エル,エル,1/2,*
得る,664,664,7899,動詞,自立,*,*,一段・得ル,基本形,得る,ウル,ウル,1/2,*
得る,697,697,8744,動詞,自立,*,*,下二・得,体言接続,得,ウル,ウル,1/2,*
得る,958,958,8101,動詞,非自立,*,*,一段,基本形,得る,エル,エル,1/2,動詞%F4@1
得る,983,983,9663,動詞,非自立,*,*,一段・得ル,基本形,得る,ウル,ウル,1/2,動詞%F4@1
御中,1345,1345,5746,名詞,一般,*,*,*,*,御中,オンチュウ,オンチュー,1/4,C1
御供,1345,1345,5746,名詞,一般,*,*,*,*,御供,ゴクウ,ゴクー,2/3,C2
御供,1345,1345,5809,名詞,一般,*,*,*,*,御供,オトモ,オトモ,2/3,C2
御供,1353,1353,8562,名詞,固有名詞,地域,一般,*,*,御供,オソナエ,オソナエ,2/4,C2
御供,1353,1353,8562,名詞,固有名詞,地域,一般,*,*,御供,オントモ,オントモ,2/4,C2
御所,1345,1345,5797,名詞,一般,*,*,*,*,御所,ゴショ,ゴショ,1/2,C3
御所,1350,1350,7621,名詞,固有名詞,人名,姓,*,*,御所,ゴセ,ゴセ,1/2,C3
御所,1353,1353,8644,名詞,固有名詞,地域,一般,*,*,御所,ゴショ,ゴショ,1/2,C3
御所,1353,1353,8660,名詞,固有名詞,地域,一般,*,*,御所,ゴセ,ゴセ,1/2,C3
御手洗,1345,1345,5746,名詞,一般,*,*,*,*,御手洗,ミタラシ,ミタラシ,0/4,C2
御手洗,1350,1350,7521,名詞,固有名詞,人名,姓,*,*,御手洗,ミタライ,ミタライ,0/4,C2
御手洗,1353,1353,7746,名詞,固有名詞,地域,一般,*,*,御手洗,オテアライ,オテアライ,2/5,C1
御手洗,1353,1353,8562,名詞,固有名詞,地域,一般,*,*,御手洗,ミタライ,ミタライ,0/4,C2
御手洗,1353,1353,8562,名詞,固有名詞,地域,一般,*,*,御手洗,ミタラシ,ミタラシ,0/4,C2
御手洗祭,1348,1348,4746,名詞,固有名詞,一般,*,*,*,御手洗祭,ミタラシマツリ,ミタラシマツリ,0/7,C2
御札,1345,1345,4466,名詞,一般,*,*,*,*,御札,オフダ,オフダ,0/3,C2
御札,1345,1345,5466,名詞,一般,*,*,*,*,御札,オサツ,オサツ,0/3,C1
御札,1345,1345,5935,名詞,一般,*,*,*,*,御札,オフダ,オフダ,0/3,C2
心中,1343,1343,4363,名詞,サ変接続,*,*,*,*,心中,シンジュウ,シンジュー,0/4,C1
心中,1345,1345,4681,名詞,一般,*,*,*,*,心中,シンチュウ,シンチュー,1/4,C1
念が入る,807,807,4000,動詞,自立,*,*,五段・ラ行,基本形,念が入る,ネンガイル,ネンガイル,0/5,C1
怒る,807,807,5265,動詞,自立,*,*,五段・ラ行,基本形,怒る,オコル,オコル,2/3,*
怒る,807,807,7569,動詞,自立,*,*,五段・ラ行,基本形,怒る,イカル,イカル,2/3,*
性,1345,1345,10359,名詞,一般,*,*,*,*,性,ショウ,ショー,1/2,C4
性,1345,1345,6669,名詞,一般,*,*,*,*,性,セイ,セー,1/2,C4
性,1345,1345,9505,名詞,一般,*,*,*,*,性,サガ,サガ,1/2,C4
性,1358,1358,7274,名詞,接尾,一般,*,*,*,性,セイ,セー,1/2,C4
悪気,1345,1345,5746,名詞,一般,*,*,*,*,悪気,ワルギ,ワルギ,3/3,C2
悪気,1345,1345,10000,名詞,一般,*,*,*,*,悪気,アッキ,アッキ,0/3,C2
惚ける,645,645,6962,動詞,自立,*,*,一段,基本形,惚ける,トボケル,トボケル,3/4,*
惚ける,645,645,6962,動詞,自立,*,*,一段,基本形,惚ける,ホウケル,ホーケル,3/4,*
惚ける,645,645,6962,動詞,自立,*,*,一段,基本形,惚ける,ホケル,ホケル,3/3,*
惚ける,645,645,6962,動詞,自立,*,*,一段,基本形,惚ける,ボケル,ボケル,2/3,*
愛し,38,38,4460,形容詞,自立,*,*,形容詞・イ段,ガル接続,愛しい,イトシ,イトシ,3/3,*
愛し,44,44,4460,形容詞,自立,*,*,形容詞・イ段,文語基本形,愛しい,イトシ,イトシ,3/3,*
愛し,612,612,6639,動詞,自立,*,*,サ変・−スル,未然形,愛する,アイシ,アイシ,0/3,*
愛し,765,765,6926,動詞,自立,*,*,五段・サ行,連用形,愛す,アイシ,アイシ,1/3,*
戯言,1345,1345,4746,名詞,一般,*,*,*,*,戯言,タワゴト,タワゴト,0/4,C2
戯言,1345,1345,5746,名詞,一般,*,*,*,*,戯言,ザレゴト,ザレゴト,0/4,C2
戯言,1345,1345,5746,名詞,一般,*,*,*,*,戯言,タワコト,タワコト,0/4,C2
戯言,1345,1345,5746,名詞,一般,*,*,*,*,戯言,タワゴト,タワゴト,0/4,C2
手数,1345,1345,5871,名詞,一般,*,*,*,*,手数,テカズ,テカズ,1/3,C1
手数,1345,1345,5871,名詞,一般,*,*,*,*,手数,テスウ,テスー,2/3,C2
手榴弾,1345,1345,5746,名詞,一般,*,*,*,*,手榴弾,シュリュウダン,シュリューダン,2/5,C2
手榴弾,1345,1345,5746,名詞,一般,*,*,*,*,手榴弾,テリュウダン,テリューダン,2/5,C1
打ち上げる,645,645,5175,動詞,自立,*,*,一段,基本形,打ち上げる,ウチアゲル,ウチアゲル,4/5,*
打ち殺す,761,761,6962,動詞,自立,*,*,五段・サ行,基本形,打ち殺す,ウチコロス,ウチコロス,4/5,*
抱く,707,707,6253,動詞,自立,*,*,五段・カ行イ音便,基本形,抱く,イダク,イダク,2/3,*
抱く,707,707,7632,動詞,自立,*,*,五段・カ行イ音便,基本形,抱く,ダク,ダク,2/2,*
指針,1345,1345,5636,名詞,一般,*,*,*,*,指針,シシン,シシン,0/3,C2
指針,1345,1345,5699,名詞,一般,*,*,*,*,指針,ユビバリ,ユビバリ,0/4,C2
捌ける,645,645,6962,動詞,自立,*,*,一段,基本形,捌ける,サバケル,サバケル,3/4,*
捌ける,645,645,6962,動詞,自立,*,*,一段,基本形,捌ける,ハケル,ハケル,3/3,*
捩る,807,807,6962,動詞,自立,*,*,五段・ラ行,基本形,捩る,スジル,スジル,2/3,*
捩る,807,807,6962,動詞,自立,*,*,五段・ラ行,基本形,捩る,ネジル,ネジル,2/3,*
捩る,807,807,6962,動詞,自立,*,*,五段・ラ行,基本形,捩る,モジル,モジル,2/3,*
捩る,807,807,6962,動詞,自立,*,*,五段・ラ行,基本形,捩る,ヨジル,ヨジル,2/3,*
捲る,807,807,6961,動詞,自立,*,*,五段・ラ行,基本形,捲る,メクル,メクル,0/3,*
捲る,807,807,6976,動詞,自立,*,*,五段・ラ行,基本形,捲る,マクル,マクル,0/3,*
捻る,807,807,6962,動詞,自立,*,*,五段・ラ行,基本形,捻る,ネジル,ネジル,2/3,*
捻る,807,807,6962,動詞,自立,*,*,五段・ラ行,基本形,捻る,ヒネル,ヒネル,2/3,*
掛け金,1345,1345,5724,名詞,一般,*,*,*,*,掛け金,カケキン,カケキン,0/4,C1
掛け金,1345,1345,5787,名詞,一般,*,*,*,*,掛け金,カケガネ,カケガネ,0/4,C1
描く,707,707,5127,動詞,自立,*,*,五段・カ行イ音便,基本形,描く,エガク,エガク,2/3,*
描く,707,707,8411,動詞,自立,*,*,五段・カ行イ音便,基本形,描く,カク,カク,2/2,*
描く,984,984,9670,動詞,非自立,*,*,五段・カ行イ音便,*,描く,ガク,ガク,2/2,*
摘み,1345,1345,5921,名詞,一般,*,*,*,*,摘み,ツマミ,ツマミ,0/3,C1
摘み,1358,1358,10000,名詞,接尾,一般,*,*,*,摘み,ツミ,ツミ,0/2,*
摘み,800,800,7061,動詞,自立,*,*,五段・マ行,連用形,摘む,ツミ,ツミ,0/2,*
摘み,800,800,7420,動詞,自立,*,*,五段・マ行,連用形,摘む,ツマミ,ツマミ,0/3,*
摘む,795,795,6959,動詞,自立,*,*,五段・マ行,基本形,摘む,ツマム,ツマム,2/3,*
摘む,795,795,6961,動詞,自立,*,*,五段・マ行,基本形,摘む,ツム,ツム,2/2,*
擦り付ける,645,645,6962,動詞,自立,*,*,一段,基本形,擦り付ける,スリツケル,スリツケル,5/5,*
擦り付ける,645,645,6962,動詞,自立,*,*,一段,基本形,擦り付ける,ナスリツケル,ナスリツケル,5/6,*
擦り付ける,645,645,7025,動詞,自立,*,*,一段,基本形,擦り付ける,コスリツケル,コスリツケル,5/6,C1
擦る,1124,1124,9492,動詞,非自立,*,*,五段・ラ行,*,擦る,ズル,ズル,2/2,*
擦る,807,807,6500,動詞,自立,*,*,五段・ラ行,基本形,擦る,スル,スル,1/2,*
擦る,807,807,6971,動詞,自立,*,*,五段・ラ行,基本形,擦る,ナスル,ナスル,2/3,*
擦る,807,807,7200,動詞,自立,*,*,五段・ラ行,基本形,擦る,コスル,コスル,2/3,*
支える,645,645,4955,動詞,自立,*,*,一段,基本形,支える,ササエル,ササエル,0/4,*
支える,645,645,8383,動詞,自立,*,*,一段,基本形,支える,ツカエル,ツカエル,3/4,*
支える,645,645,8388,動詞,自立,*,*,一段,基本形,支える,ツッカエル,ツッカエル,4/5,*
放出,1343,1343,4420,名詞,サ変接続,*,*,*,*,放出,ホウシュツ,ホーシュツ,0/4,C2
放出,1353,1353,8615,名詞,固有名詞,地域,一般,*,*,放出,ハナテン,ハナテン,0/4,C2
教,1345,1345,4969,名詞,一般,*,*,*,*,教,キョウ,キョー,1/2,C4
教,1345,1345,6252,名詞,一般,*,*,*,*,教,オシエ,オシエ,0/3,C2
教,1358,1358,8986,名詞,接尾,一般,*,*,*,教,キョウ,キョー,0/2,C4
文書,1345,1345,2375,名詞,一般,*,*,*,*,文書,ブンショ,ブンショ,1/3,C1
文書,1345,1345,7464,名詞,一般,*,*,*,*,文書,モンジョ,モンジョ,1/3,C1
文無し,1345,1345,5746,名詞,一般,*,*,*,*,文無し,モンナシ,モンナシ,0/4,C2
文言,1345,1345,5724,名詞,一般,*,*,*,*,文言,モンゴン,モンゴン,0/4,C2
方,1345,1345,9728,名詞,一般,*,*,*,*,方,カタ,カタ,2/2,C3
方,1350,1350,11303,名詞,固有名詞,人名,姓,*,*,方,ホウ,ホー,1/2,C3
方,1353,1353,12058,名詞,固有名詞,地域,一般,*,*,方,カタ,カタ,1/2,C3
方,1358,1358,10112,名詞,接尾,一般,*,*,*,方,ガタ,ガタ,1/2,C3
方,1358,1358,9195,名詞,接尾,一般,*,*,*,方,カタ,カタ,1/2,C3
方,1360,1360,11779,名詞,接尾,助数詞,*,*,*,方,ポウ,ポー,1/2,C3
方,1360,1360,12695,名詞,接尾,助数詞,*,*,*,方,ホウ,ホー,1/2,C3
方,1364,1364,7794,名詞,接尾,特殊,*,*,*,方,カタ,カタ,1/2,C4
方,1371,1371,7730,名詞,非自立,一般,*,*,*,方,ホウ,ホー,1/2,F2@1
方,1371,1371,8792,名詞,非自立,一般,*,*,*,方,カタ,カタ,1/2,C1
方,1375,1375,9970,名詞,副詞可能,*,*,*,*,方,ホウ,ホー,1/2,C3
方々,1345,1345,3988,名詞,一般,*,*,*,*,方々,カタガタ,カタガタ,2/4,C1
方々,1375,1375,6698,名詞,副詞可能,*,*,*,*,方々,ホウボウ,ホーボー,1/4,C1
施工,1343,1343,4956,名詞,サ変接続,*,*,*,*,施工,セコウ,セコー,0/3,C2
施工,1343,1343,4957,名詞,サ変接続,*,*,*,*,施工,シコウ,シコー,0/3,C2
施業,1343,1343,10908,名詞,サ変接続,*,*,*,*,施業,セギョウ,セギョー,0/3,C2
施業,1345,1345,11226,名詞,一般,*,*,*,*,施業,シギョウ,シギョウ,0/3,C2
施行,1343,1343,1725,名詞,サ変接続,*,*,*,*,施行,シコウ,シコー,0/3,C2
施行,1343,1343,5731,名詞,サ変接続,*,*,*,*,施行,セギョウ,セギョー,0/3,C2
施行,1343,1343,5774,名詞,サ変接続,*,*,*,*,施行,セコウ,セコー,0/3,C2
日,1345,1345,6322,名詞,一般,*,*,*,*,日,ヒ,ヒ,0/1,C3
日,1345,1345,6477,名詞,一般,*,*,*,*,日,ニチ,ニチ,1/2,C3
日,1345,1345,9784,名詞,一般,*,*,*,*,日,ビ,ビ,0/1,C3
日,1345,1345,9798,名詞,一般,*,*,*,*,日,ジツ,ジツ,1/2,C3
日,1353,1353,10766,名詞,固有名詞,地域,一般,*,*,日,ヒ,ヒ,0/1,C3
日,1354,1354,10160,名詞,固有名詞,地域,国,*,*,日,ニッ,ニッ,1/2,C3
日,1354,1354,8016,名詞,固有名詞,地域,国,*,*,日,ニチ,ニチ,1/2,C3
日,1358,1358,7422,名詞,接尾,一般,*,*,*,日,ビ,ビ,0/1,C3
日,1358,1358,8976,名詞,接尾,一般,*,*,*,日,ニチ,ニチ,1/2,C3
日,1360,1360,15383,名詞,接尾,助数詞,*,*,*,日,カ,カ,0/1,C3
日,1360,1360,7216,名詞,接尾,助数詞,*,*,*,日,ニチ,ニチ,1/2,C3
日,1371,1371,8469,名詞,非自立,一般,*,*,*,日,ヒ,ヒ,0/1,C3
日,1374,1374,6143,名詞,非自立,副詞可能,*,*,*,日,ヒ,ヒ,0/1,C3
日,1375,1375,7489,名詞,副詞可能,*,*,*,*,日,ヒ,ヒ,0/1,C3
日中,1345,1345,5968,名詞,一般,*,*,*,*,日中,ニッチュウ,ニッチュー,0/4,C2
日中,1345,1345,6031,名詞,一般,*,*,*,*,日中,ヒナカ,ヒナカ,0/3,C2
日中,1353,1353,7807,名詞,固有名詞,地域,一般,*,*,日中,ニッチュウ,ニッチュー,0/4,C2
日中,1375,1375,10256,名詞,副詞可能,*,*,*,*,日中,ニッチュウ,ニッチュー,0/4,C2
日中間,1345,1345,4000,名詞,一般,*,*,*,*,日中間,ニッチュウカン,ニッチューカン,0/6,C2
日向,1345,1345,4986,名詞,一般,*,*,*,*,日向,ヒナタ,ヒナタ,0/3,C2
日向,1348,1348,9106,名詞,固有名詞,一般,*,*,*,日向,ヒュウガ,ヒューガ,0/3,C2
日向,1350,1350,8542,名詞,固有名詞,人名,姓,*,*,日向,ヒュウガ,ヒューガ,0/3,C2
日向,1350,1350,8764,名詞,固有名詞,人名,姓,*,*,日向,ヒナタ,ヒナタ,0/3,C2
日向,1353,1353,9033,名詞,固有名詞,地域,一般,*,*,日向,ヒナタ,ヒナタ,0/3,C2
日向,1353,1353,9042,名詞,固有名詞,地域,一般,*,*,日向,ヒナダ,ヒナダ,0/3,C2
日向,1353,1353,9042,名詞,固有名詞,地域,一般,*,*,日向,ヒムカイ,ヒムカイ,0/4,C2
日向,1353,1353,9042,名詞,固有名詞,地域,一般,*,*,日向,ヒルガ,ヒルガ,0/3,C2
日向,1353,1353,9175,名詞,固有名詞,地域,一般,*,*,日向,ヒュウガ,ヒューガ,1/3,C2
日暮,1345,1345,5742,名詞,一般,*,*,*,*,日暮,ヒグラシ,ヒグラシ,0/4,C2
日暮,1345,1345,5743,名詞,一般,*,*,*,*,日暮,ヒグレ,ヒグレ,0/3,C2
日暮,1350,1350,7518,名詞,固有名詞,人名,姓,*,*,日暮,ヒグラシ,ヒグラシ,2/4,C2
日暮,1353,1353,8560,名詞,固有名詞,地域,一般,*,*,日暮,ヒグラシ,ヒグラシ,2/4,C2
日暮警部,1348,1348,4746,名詞,固有名詞,一般,*,*,*,日暮警部,ヒグレケイブ,ヒグレケーブ,1/6,C2
日本,1354,1354,5787,名詞,固有名詞,地域,国,*,*,日本,ニホン,ニホン,2/3,C1
日本,1354,1354,8606,名詞,固有名詞,地域,国,*,*,日本,ニッポン,ニッポン,3/4,C1
日本の伝統,1345,1345,4929,名詞,一般,*,*,*,*,日本の伝統,ニホンノデントウ,ニホンノデントー,0/8,C1
日本橋,1348,1348,4641,名詞,固有名詞,一般,*,*,*,日本橋,ニホンバシ,ニホンバシ,0/5,C1
日本橋,1353,1353,1721,名詞,固有名詞,地域,一般,*,*,日本橋,ニホンバシ,ニホンバシ,0/5,C1
日本橋,1353,1353,6493,名詞,固有名詞,地域,一般,*,*,日本橋,ニッポンバシ,ニッポンバシ,3/6,C1
明日,1353,1353,8772,名詞,固有名詞,地域,一般,*,*,明日,アケビ,アケビ,0/3,C2
明日,1375,1375,3339,名詞,副詞可能,*,*,*,*,明日,アシタ,アシタ,3/3,C2
明日,1375,1375,6438,名詞,副詞可能,*,*,*,*,明日,アス,アス,2/2,C2
明朝,1345,1345,5746,名詞,一般,*,*,*,*,明朝,ミンチョウ,ミンチョー,1/4,C2
明朝,1375,1375,5042,名詞,副詞可能,*,*,*,*,明朝,ミョウチョウ,ミョーチョー,0/4,C2
昨日,1375,1375,4680,名詞,副詞可能,*,*,*,*,昨日,キノウ,キノー,2/3,C2
時,1340,1340,8184,副詞,*,*,*,*,*,時,ヨリヨリ,ヨリヨリ,0/4,*
時,1345,1345,8831,名詞,一般,*,*,*,*,時,ドキ,ドキ,2/2,C3
時,1358,1358,12775,名詞,接尾,一般,*,*,*,時,ジ,ジ,1/1,C3
時,1360,1360,7944,名詞,接尾,助数詞,*,*,*,時,ジ,ジ,1/1,C3
時,1365,1365,10637,名詞,接尾,副詞可能,*,*,*,時,トキ,トキ,2/2,C3
時,1365,1365,6889,名詞,接尾,副詞可能,*,*,*,時,ジ,ジ,1/1,C3
時,1365,1365,9868,名詞,接尾,副詞可能,*,*,*,時,ドキ,ドキ,2/2,C3
時,1371,1371,10185,名詞,非自立,一般,*,*,*,時,トキ,トキ,2/2,F2@1
時,1374,1374,5374,名詞,非自立,副詞可能,*,*,*,時,トキ,トキ,1/2,F2@1
時,1375,1375,8627,名詞,副詞可能,*,*,*,*,時,トキ,トキ,2/2,C3
更衣,1343,1343,3420,名詞,サ変接続,*,*,*,*,更衣,コウイ,コーイ,1/3,C1
更衣,1343,1343,4420,名詞,サ変接続,*,*,*,*,更衣,コロモガエ,コロモガエ,1/5,C2
書き初め,1345,1345,5746,名詞,一般,*,*,*,*,書き初め,カキゾメ,カキゾメ,0/4,C2
最上,1345,1345,6639,名詞,一般,*,*,*,*,最上,サイジョウ,サイジョー,0/4,C2
最上,1347,1347,6297,名詞,形容動詞語幹,*,*,*,*,最上,サイジョウ,サイジョー,0/4,C2
最上,1350,1350,8524,名詞,固有名詞,人名,姓,*,*,最上,モガミ,モガミ,0/3,C2
最上,1353,1353,9639,名詞,固有名詞,地域,一般,*,*,最上,モガミ,モガミ,0/3,C2
最中,1345,1345,5375,名詞,一般,*,*,*,*,最中,サイチュウ,サイチュー,1/4,C1
最中,1345,1345,6795,名詞,一般,*,*,*,*,最中,モナカ,モナカ,1/3,C1
最中,1375,1375,3447,名詞,副詞可能,*,*,*,*,最中,サイチュウ,サイチュー,1/4,C1
最中,1375,1375,5446,名詞,副詞可能,*,*,*,*,最中,サナカ,サナカ,1/3,C1
最高値,1345,1345,4500,名詞,一般,*,*,*,*,最高値,サイコウチ,サイコーチ,3/5,C2
最高値,1345,1345,6500,名詞,一般,*,*,*,*,最高値,サイタカネ,サイタカネ,3/5,C2
月,1345,1345,11986,名詞,一般,*,*,*,*,月,ヅキ,ヅキ,2/2,C3
月,1345,1345,7716,名詞,一般,*,*,*,*,月,ツキ,ツキ,2/2,C3
月,1345,1345,9567,名詞,一般,*,*,*,*,月,ゲツ,ゲツ,2/2,C3
月,1345,1345,9810,名詞,一般,*,*,*,*,月,ガツ,ガツ,2/2,C3
月,1353,1353,12081,名詞,固有名詞,地域,一般,*,*,月,ツキ,ツキ,2/2,C3
月,1358,1358,12928,名詞,接尾,一般,*,*,*,月,ガツ,ガツ,2/2,C3
月,1358,1358,14827,名詞,接尾,一般,*,*,*,月,ヅキ,ヅキ,2/2,C3
月,1360,1360,15282,名詞,接尾,助数詞,*,*,*,月,ツキ,ツキ,2/2,C3
月,1375,1375,10249,名詞,副詞可能,*,*,*,*,月,ガツ,ガツ,2/2,C3
月代,1345,1345,5746,名詞,一般,*,*,*,*,月代,サカヤキ,サカヤキ,0/4,C2
月代,1345,1345,5746,名詞,一般,*,*,*,*,月代,ツキシロ,ツキシロ,0/4,C2
月代,1351,1351,8304,名詞,固有名詞,人名,名,*,*,月代,ツキヨ,ツキヨ,0/3,C1
月次,1345,1345,5746,名詞,一般,*,*,*,*,月次,ゲツジ,ゲツジ,0/3,C2
月次,1345,1345,5746,名詞,一般,*,*,*,*,月次,ツキナミ,ツキナミ,0/4,C2
月次,1353,1353,8562,名詞,固有名詞,地域,一般,*,*,月次,ツキナミ,ツキナミ,0/4,C2
木,1345,1345,10016,名詞,一般,*,*,*,*,木,ギ,ギ,1/1,C3
木,1345,1345,6193,名詞,一般,*,*,*,*,木,キ,キ,1/1,C3
木,1345,1345,7219,名詞,一般,*,*,*,*,木,モク,モク,1/2,C3
木,1345,1345,9540,名詞,一般,*,*,*,*,木,ボク,ボク,1/2,C3
木,1353,1353,10326,名詞,固有名詞,地域,一般,*,*,木,キ,キ,1/1,C3
木,1358,1358,12123,名詞,接尾,一般,*,*,*,木,ギ,ギ,1/1,C3
木目,1345,1345,5746,名詞,一般,*,*,*,*,木目,モクメ,モクメ,2/3,C2
木目,1345,1345,5809,名詞,一般,*,*,*,*,木目,キメ,キメ,2/2,C2
木目,1353,1353,8562,名詞,固有名詞,地域,一般,*,*,木目,モクメ,モクメ,2/3,C2
木馬,1345,1345,5877,名詞,一般,*,*,*,*,木馬,モクバ,モクバ,1/3,C1
末期,1345,1345,5295,名詞,一般,*,*,*,*,末期,マッキ,マッキ,1/3,C1
末期,1345,1345,5358,名詞,一般,*,*,*,*,末期,マツゴ,マツゴ,1/3,C2
本音,1345,1345,5220,名詞,一般,*,*,*,*,本音,ホンネ,ホンネ,0/3,C2
本音,1345,1345,5283,名詞,一般,*,*,*,*,本音,ホンオン,ホンオン,0/4,C2
杏仁,1345,1345,112,名詞,一般,*,*,*,*,杏仁,キョウニン,キョウニン,0/4,C2
杏仁,1345,1345,49,名詞,一般,*,*,*,*,杏仁,アンニン,アンニン,0/4,*
来る,598,598,6280,動詞,自立,*,*,カ変・来ル,基本形,来る,クル,クル,1/2,*
来る,807,807,6800,動詞,自立,*,*,五段・ラ行,基本形,来る,キタル,キタル,0/3,C1
来る,945,945,8782,動詞,非自立,*,*,カ変・来ル,基本形,来る,クル,クル,1/2,動詞%F4@1
東京人,1345,1345,3000,名詞,一般,*,*,*,*,東京人,トウキョウジン,トーキョージン,3/6,C1
東風,1345,1345,5746,名詞,一般,*,*,*,*,東風,コチ,コチ,1/2,C3
東風,1345,1345,5746,名詞,一般,*,*,*,*,東風,トウフウ,トーフー,0/4,C2
東風,1345,1345,5746,名詞,一般,*,*,*,*,東風,ヒガシカゼ,ヒガシカゼ,0/5,C2
板金,1345,1345,4981,名詞,一般,*,*,*,*,板金,バンキン,バンキン,0/4,C2
板金,1345,1345,6483,名詞,一般,*,*,*,*,板金,イタガネ,イタガネ,0/4,C2
柏原,1348,1348,7697,名詞,固有名詞,一般,*,*,*,柏原,カシワバラ,カシワバラ,0/5,C1
柏原,1348,1348,8210,名詞,固有名詞,一般,*,*,*,柏原,カシワラ,カシワラ,0/4,C2
柏原,1348,1348,8890,名詞,固有名詞,一般,*,*,*,柏原,カイバラ,カイバラ,0/4,C2
柏原,1350,1350,6886,名詞,固有名詞,人名,姓,*,*,柏原,カシワバラ,カシワバラ,0/5,C1
柏原,1352,1352,5850,名詞,固有名詞,組織,*,*,*,柏原,カシワバラ,カシワバラ,0/5,C1
柏原,1353,1353,7035,名詞,固有名詞,地域,一般,*,*,柏原,カシワバラ,カシワバラ,0/5,C1
柏原,1353,1353,7815,名詞,固有名詞,地域,一般,*,*,柏原,カシワラ,カシワラ,0/4,C2
柏原,1353,1353,8681,名詞,固有名詞,地域,一般,*,*,柏原,カシハラ,カシハラ,0/4,C2
柏原,1353,1353,8800,名詞,固有名詞,地域,一般,*,*,柏原,カシワハラ,カシワハラ,0/5,C1
柏原,1353,1353,8800,名詞,固有名詞,地域,一般,*,*,柏原,カシワバル,カシワバル,0/5,C1
柏原,1353,1353,8800,名詞,固有名詞,地域,一般,*,*,柏原,カセハラ,カセハラ,0/4,C2
柏原,1353,1353,8837,名詞,固有名詞,地域,一般,*,*,柏原,カイバラ,カイバラ,0/4,C2
柵,1345,1345,5200,名詞,一般,*,*,*,*,柵,サク,サク,2/2,C3
柵,1345,1345,5746,名詞,一般,*,*,*,*,柵,シガラミ,シガラミ,2/4,C3
柵,1353,1353,5200,名詞,固有名詞,地域,一般,*,*,柵,サク,サク,2/2,C3
栄える,645,645,6783,動詞,自立,*,*,一段,基本形,栄える,サカエル,サカエル,3/4,*
栄える,645,645,6783,動詞,自立,*,*,一段,基本形,栄える,ハエル,ハエル,3/3,*
栄える,953,953,9394,動詞,非自立,*,*,一段,*,栄える,バエル,バエル,3/3,*
根本,1345,1345,5389,名詞,一般,*,*,*,*,根本,コンポン,コンポン,0/4,C2
根本,1350,1350,7374,名詞,固有名詞,人名,姓,*,*,根本,ネモト,ネモト,0/3,C2
根本,1353,1353,9153,名詞,固有名詞,地域,一般,*,*,根本,ネモト,ネモト,0/3,C2
梅雨,1345,1345,4035,名詞,一般,*,*,*,*,梅雨,ツユ,ツユ,0/2,C3
梅雨,1345,1345,6591,名詞,一般,*,*,*,*,梅雨,バイウ,バイウ,1/3,C3
梅雨,1358,1358,7837,名詞,接尾,一般,*,*,*,梅雨,ヅユ,ヅユ,0/2,C3
歌物語,1348,1348,7023,名詞,固有名詞,一般,*,*,*,歌物語,ウタモノガタリ,ウタモノガタリ,5/7,C1
止め,1345,1345,4651,名詞,一般,*,*,*,*,止め,トメ,トメ,0/2,C4
止め,1345,1345,6267,名詞,一般,*,*,*,*,止め,ヤメ,ヤメ,0/2,C4
止め,1345,1345,6365,名詞,一般,*,*,*,*,止め,ドメ,ドメ,0/2,C4
止め,1345,1345,6493,名詞,一般,*,*,*,*,止め,トドメ,トドメ,3/3,C4
止め,1358,1358,9201,名詞,接尾,一般,*,*,*,止め,ドメ,ドメ,0/2,C4
止め,649,649,5821,動詞,自立,*,*,一段,未然形,止める,トメ,トメ,0/2,*
止め,649,649,7807,動詞,自立,*,*,一段,未然形,止める,ヤメ,ヤメ,0/2,*
止め,649,649,9071,動詞,自立,*,*,一段,未然形,止める,トドメ,トドメ,0/3,*
止め,652,652,5821,動詞,自立,*,*,一段,連用形,止める,トメ,トメ,0/2,*
止め,652,652,7807,動詞,自立,*,*,一段,連用形,止める,ヤメ,ヤメ,0/2,*
止め,652,652,9071,動詞,自立,*,*,一段,連用形,止める,トドメ,トドメ,0/3,*
止め,793,793,7524,動詞,自立,*,*,五段・マ行,仮定形,止む,ヤメ,ヤメ,0/2,*
止め,798,798,7524,動詞,自立,*,*,五段・マ行,命令ｅ,止む,ヤメ,ヤメ,0/2,*
止め,966,966,10220,動詞,非自立,*,*,一段,未然形,止める,ドメ,ドメ,0/2,*
止め,971,971,10220,動詞,非自立,*,*,一段,連用形,止める,ドメ,ドメ,0/2,*
止める,645,645,5511,動詞,自立,*,*,一段,基本形,止める,トメル,トメル,0/3,*
止める,645,645,8195,動詞,自立,*,*,一段,基本形,止める,ヤメル,ヤメル,0/3,*
止める,645,645,8269,動詞,自立,*,*,一段,基本形,止める,トドメル,トドメル,3/4,*
止める,953,953,9850,動詞,非自立,*,*,一段,*,止める,ドメル,ドメル,0/3,*
正気,1345,1345,5729,名詞,一般,*,*,*,*,正気,ショウキ,ショーキ,0/3,C1
正気,1345,1345,6026,名詞,一般,*,*,*,*,正気,セイキ,セーキ,0/3,C1
正気,1347,1347,4623,名詞,形容動詞語幹,*,*,*,*,正気,ショウキ,ショーキ,0/3,C1
正面,1345,1345,5073,名詞,一般,*,*,*,*,正面,ショウメン,ショーメン,3/4,C1
正面,1353,1353,8867,名詞,固有名詞,地域,一般,*,*,正面,ショウメン,ショーメン,3/4,C1
正面,1345,1345,10000,名詞,一般,*,*,*,*,正面,マトモ,マトモ,0/3,C1
歩行虫,1345,1345,4746,名詞,一般,*,*,*,*,歩行虫,オサムシ,オサムシ,2/4,C1
歪み,1345,1345,5388,名詞,一般,*,*,*,*,歪み,ユガミ,ユガミ,0/3,C2
歪み,1345,1345,6071,名詞,一般,*,*,*,*,歪み,ヒズミ,ヒズミ,0/3,C2
歪み,800,800,6889,動詞,自立,*,*,五段・マ行,連用形,歪む,ユガミ,ユガミ,0/3,*
歪み,800,800,7027,動詞,自立,*,*,五段・マ行,連用形,歪む,イガミ,イガミ,0/3,*
歪み,800,800,7060,動詞,自立,*,*,五段・マ行,連用形,歪む,ヒズミ,ヒズミ,0/3,*
歪む,795,795,6971,動詞,自立,*,*,五段・マ行,基本形,歪む,ユガム,ユガム,0/3,*
歪む,795,795,6972,動詞,自立,*,*,五段・マ行,基本形,歪む,イガム,イガム,0/3,*
歪む,795,795,6972,動詞,自立,*,*,五段・マ行,基本形,歪む,ヒズム,ヒズム,0/3,*
母子,1345,1345,5446,名詞,一般,*,*,*,*,母子,ボシ,ボシ,1/2,C3
母子,1353,1353,9276,名詞,固有名詞,地域,一般,*,*,母子,ハハコ,ハハコ,1/3,C3
母子,1353,1353,9332,名詞,固有名詞,地域,一般,*,*,母子,モウシ,モーシ,1/3,C3
氏,1345,1345,6872,名詞,一般,*,*,*,*,氏,シ,シ,1/1,C3
氏,1345,1345,8478,名詞,一般,*,*,*,*,氏,ウジ,ウジ,1/2,C3
氏,1362,1362,6240,名詞,接尾,人名,*,*,*,氏,シ,シ,1/1,C5
気,1345,1345,10301,名詞,一般,*,*,*,*,気,ケ,ケ,0/1,C3
気,1345,1345,10793,名詞,一般,*,*,*,*,気,ギ,ギ,0/1,C3
気,1345,1345,5568,名詞,一般,*,*,*,*,気,キ,キ,0/1,C3
気,1358,1358,12927,名詞,接尾,一般,*,*,*,気,ケ,ケ,0/1,C4
気,1358,1358,13411,名詞,接尾,一般,*,*,*,気,ギ,ギ,0/1,C4
気,1359,1359,10812,名詞,接尾,形容動詞語幹,*,*,*,気,ゲ,ゲ,0/1,C4
気,1371,1371,6620,名詞,非自立,一般,*,*,*,気,キ,キ,0/1,C3
気色,12,12,8134,形容詞,自立,*,*,形容詞・アウオ段,ガル接続,気色い,キショ,キショ,2/2,C1
気色,1345,1345,5504,名詞,一般,*,*,*,*,気色,ケシキ,ケシキ,1/3,C1
気色,1345,1345,5750,名詞,一般,*,*,*,*,気色,キショク,キショク,0/3,C2
気質,1345,1345,4143,名詞,一般,*,*,*,*,気質,キシツ,キシツ,0/3,C2
気質,1345,1345,5841,名詞,一般,*,*,*,*,気質,カタギ,カタギ,0/3,C2
気配,1345,1345,5685,名詞,一般,*,*,*,*,気配,ケハイ,ケハイ,1/3,C1
気骨,1345,1345,5746,名詞,一般,*,*,*,*,気骨,キコツ,キコツ,0/3,C2
気骨,1345,1345,5809,名詞,一般,*,*,*,*,気骨,キボネ,キボネ,0/3,C2
水,1345,1345,6717,名詞,一般,*,*,*,*,水,ミズ,ミズ,0/2,C3
水,1353,1353,11803,名詞,固有名詞,地域,一般,*,*,水,ミズ,ミズ,0/2,C3
水,1358,1358,10761,名詞,接尾,一般,*,*,*,水,ミズ,ミズ,0/2,C3
水,1358,1358,9881,名詞,接尾,一般,*,*,*,水,スイ,スイ,1/2,C3
水上,1345,1345,5211,名詞,一般,*,*,*,*,水上,スイジョウ,スイジョー,0/4,C2
水上,1345,1345,6156,名詞,一般,*,*,*,*,水上,ミナカミ,ミナカミ,0/4,C2
水上,1348,1348,9155,名詞,固有名詞,一般,*,*,*,水上,ミナカミ,ミナカミ,0/4,C2
水上,1350,1350,7177,名詞,固有名詞,人名,姓,*,*,水上,ミズカミ,ミズカミ,0/4,C2
水上,1350,1350,8225,名詞,固有名詞,人名,姓,*,*,水上,ミナカミ,ミナカミ,0/4,C2
水上,1353,1353,8474,名詞,固有名詞,地域,一般,*,*,水上,ミズカミ,ミズカミ,0/4,C2
水上,1353,1353,8751,名詞,固有名詞,地域,一般,*,*,水上,ミノカミ,ミノカミ,0/4,C2
水上,1353,1353,8751,名詞,固有名詞,地域,一般,*,*,水上,ムナガイ,ムナガイ,0/4,C2
水上,1353,1353,9213,名詞,固有名詞,地域,一般,*,*,水上,ミナカミ,ミナカミ,0/4,C2
水脈,1345,1345,5746,名詞,一般,*,*,*,*,水脈,スイミャク,スイミャク,0/4,C2
水面,1345,1345,4853,名詞,一般,*,*,*,*,水面,スイメン,スイメン,0/4,C2
水面,1345,1345,6616,名詞,一般,*,*,*,*,水面,ミナモ,ミナモ,0/3,C2
氷柱,1345,1345,5746,名詞,一般,*,*,*,*,氷柱,ツララ,ツララ,0/3,C2
永久,1345,1345,4027,名詞,一般,*,*,*,*,永久,エイキュウ,エーキュー,0/4,C2
永久,1345,1345,5747,名詞,一般,*,*,*,*,永久,トコシエ,トコシエ,0/4,C2
永久,1345,1345,5747,名詞,一般,*,*,*,*,永久,トコシナエ,トコシナエ,0/5,C2
永久,1345,1345,5919,名詞,一般,*,*,*,*,永久,トワ,トワ,0/2,C2
永久,1347,1347,4505,名詞,形容動詞語幹,*,*,*,*,永久,エイキュウ,エーキュー,0/4,C2
永久,1353,1353,7862,名詞,固有名詞,地域,一般,*,*,永久,エイキュウ,エーキュー,0/4,C2
永久,1353,1353,8651,名詞,固有名詞,地域,一般,*,*,永久,ナガヒサ,ナガヒサ,0/4,C2
永久,1353,1353,9073,名詞,固有名詞,地域,一般,*,*,永久,トワ,トワ,0/2,C2
永遠,1347,1347,4642,名詞,形容動詞語幹,*,*,*,*,永遠,エイエン,エーエン,0/4,C2
汚す,761,761,6725,動詞,自立,*,*,五段・サ行,基本形,汚す,ケガス,ケガス,2/3,*
汚す,761,761,7193,動詞,自立,*,*,五段・サ行,基本形,汚す,ヨゴス,ヨゴス,2/3,*
汚れ,1345,1345,4716,名詞,一般,*,*,*,*,汚れ,ヨゴレ,ヨゴレ,3/3,C2
汚れ,1345,1345,6793,名詞,一般,*,*,*,*,汚れ,ケガレ,ケガレ,0/3,C2
汚れ,643,643,7002,動詞,自立,*,*,一段,仮定形,汚る,ケガレレ,ケガレレ,3/4,*
汚れ,649,649,6430,動詞,自立,*,*,一段,未然形,汚れる,ヨゴレ,ヨゴレ,0/3,*
汚れ,649,649,7513,動詞,自立,*,*,一段,未然形,汚れる,ケガレ,ケガレ,3/3,*
汚れ,652,652,6430,動詞,自立,*,*,一段,連用形,汚れる,ヨゴレ,ヨゴレ,0/3,*
汚れ,652,652,7513,動詞,自立,*,*,一段,連用形,汚れる,ケガレ,ケガレ,3/3,*
汚れる,645,645,6957,動詞,自立,*,*,一段,基本形,汚れる,ケガレル,ケガレル,0/4,*
汚れる,645,645,6957,動詞,自立,*,*,一段,基本形,汚れる,ヨゴレル,ヨゴレル,0/4,*
河岸,1345,1345,5300,名詞,一般,*,*,*,*,河岸,カワギシ,カワギシ,0/4,C2
河岸,1345,1345,5734,名詞,一般,*,*,*,*,河岸,カシ,カシ,0/2,C3
河岸,1345,1345,6225,名詞,一般,*,*,*,*,河岸,ガシ,ガシ,0/2,C3
河岸,1345,1345,7300,名詞,一般,*,*,*,*,河岸,カガン,カガン,1/3,C2
河岸,1353,1353,8272,名詞,固有名詞,地域,一般,*,*,河岸,カワギシ,カワギシ,0/4,C2
法の下,1345,1345,6004,名詞,一般,*,*,*,*,法の下,ホウノモト,ホーノモト,5/5,C1
法定,1345,1345,5739,名詞,一般,*,*,*,*,法定,ホウテイ,ホーテー,0/4,C2
法定,1348,1348,6219,名詞,固有名詞,一般,*,*,*,法定,ホウジョウ,ホウジョウ,0/4,C2
海牛,1345,1345,4746,名詞,一般,*,*,*,*,海牛,カイギュウ,カイギュー,0/4,C2
海牛,1345,1345,5746,名詞,一般,*,*,*,*,海牛,ウミウシ,ウミウシ,2/4,C1
海馬,1345,1345,5746,名詞,一般,*,*,*,*,海馬,カイバ,カイバ,1/3,C1
海馬,1345,1345,10000,名詞,一般,*,*,*,*,海馬,ウミウマ,ウミウマ,0/4,C2
清水,1345,1345,6038,名詞,一般,*,*,*,*,清水,シミズ,シミズ,1/3,C1
清水,1348,1348,10080,名詞,固有名詞,一般,*,*,*,清水,キヨミズ,キヨミズ,2/4,C1
清水,1348,1348,6553,名詞,固有名詞,一般,*,*,*,清水,シミズ,シミズ,1/3,C1
清水,1350,1350,4836,名詞,固有名詞,人名,姓,*,*,清水,シミズ,シミズ,1/3,C1
清水,1350,1350,7437,名詞,固有名詞,人名,姓,*,*,清水,キヨミズ,キヨミズ,2/4,C1
清水,1352,1352,3883,名詞,固有名詞,組織,*,*,*,清水,シミズ,シミズ,1/3,C1
清水,1353,1353,10080,名詞,固有名詞,地域,一般,*,*,清水,キヨミズ,キヨミズ,2/4,C1
清水,1353,1353,5545,名詞,固有名詞,地域,一般,*,*,清水,シミズ,シミズ,1/3,C1
清水,1353,1353,5972,名詞,固有名詞,地域,一般,*,*,清水,ショウズ,ショーズ,1/3,C1
清水,1353,1353,5972,名詞,固有名詞,地域,一般,*,*,清水,スンズ,スンズ,1/3,C1
清水,1353,1353,5972,名詞,固有名詞,地域,一般,*,*,清水,セイスイ,セースイ,1/4,C1
清水,1353,1353,5972,名詞,固有名詞,地域,一般,*,*,清水,セイズイ,セーズイ,1/4,C1
温い,20,20,4000,形容詞,自立,*,*,形容詞・アウオ段,基本形,温い,ヌルイ,ヌルイ,2/3,*
温い,20,20,5000,形容詞,自立,*,*,形容詞・アウオ段,基本形,温い,ヌクイ,ヌクイ,2/3,*
温い,42,42,7427,形容詞,自立,*,*,形容詞・イ段,基本形,温い,ヌキイ,ヌキー,2/3,C1
温める,645,645,6939,動詞,自立,*,*,一段,基本形,温める,アタタメル,アタタメル,4/5,*
測度,1345,1345,5732,名詞,一般,*,*,*,*,測度,ソクド,ソクド,1/3,C1
溢れる,645,645,6954,動詞,自立,*,*,一段,基本形,溢れる,アフレル,アフレル,3/4,*
溢れる,645,645,6962,動詞,自立,*,*,一段,基本形,溢れる,コボレル,コボレル,3/4,*
滑らか,1347,1347,4640,名詞,形容動詞語幹,*,*,*,*,滑らか,ナメラカ,ナメラカ,2/4,C1
滑り,1345,1345,5510,名詞,一般,*,*,*,*,滑り,スベリ,スベリ,3/3,C2
滑り,1345,1345,6163,名詞,一般,*,*,*,*,滑り,ヌメリ,ヌメリ,3/3,C2
滑り,823,823,6864,動詞,自立,*,*,五段・ラ行,連用形,滑る,スベリ,スベリ,3/3,*
漢人,1345,1345,6055,名詞,一般,*,*,*,*,漢人,カンジン,カンジン,0/4,C2
漢人,1345,1345,7901,名詞,一般,*,*,*,*,漢人,アヤヒト,アヤヒト,0/4,C1
漢人,1350,1350,7838,名詞,固有名詞,人名,姓,*,*,漢人,カンド,カンド,0/3,C1
漢書,1345,1345,5746,名詞,一般,*,*,*,*,漢書,カンショ,カンショ,0/3,C2
漢書,1345,1345,5809,名詞,一般,*,*,*,*,漢書,カンジョ,カンジョ,0/3,C2
漢書,1345,1345,10000,名詞,一般,*,*,*,*,漢書,カラブミ,カラブミ,0/4,C2
潜る,807,807,6985,動詞,自立,*,*,五段・ラ行,基本形,潜る,クグル,クグル,2/3,*
潜る,807,807,6985,動詞,自立,*,*,五段・ラ行,基本形,潜る,モグル,モグル,2/3,*
火,1345,1345,5563,名詞,一般,*,*,*,*,火,ヒ,ヒ,1/1,C4
火,1345,1345,6566,名詞,一般,*,*,*,*,火,カ,カ,1/1,C4
火,1345,1345,9548,名詞,一般,*,*,*,*,火,ビ,ビ,1/1,C4
火,1358,1358,11670,名詞,接尾,一般,*,*,*,火,ビ,ビ,1/1,C4
火,1358,1358,8835,名詞,接尾,一般,*,*,*,火,ヒ,ヒ,1/1,C4
火傷,1343,1343,3800,名詞,サ変接続,*,*,*,*,火傷,ヤケド,ヤケド,0/3,C2
火傷,1343,1343,4356,名詞,サ変接続,*,*,*,*,火傷,カショウ,カショー,0/3,C2
火口,1345,1345,5544,名詞,一般,*,*,*,*,火口,カコウ,カコー,0/3,C2
無用の長物,1345,1345,6000,名詞,一般,*,*,*,*,無用の長物,ムヨウノチョウブツ,ムヨーノチョーブツ,0/8,C2
然も,1340,1340,7849,副詞,*,*,*,*,*,然も,サモ,サモ,1/2,*
然も,580,580,6926,接続詞,*,*,*,*,*,然も,シカモ,シカモ,2/3,*
然る,807,807,13732,動詞,自立,*,*,五段・ラ行,基本形,然る,シカル,シカル,2/3,*
然る,1376,1376,20000,連体詞,*,*,*,*,*,然る,サル,サル,1/2,*
煩い,1345,1345,5746,名詞,一般,*,*,*,*,煩い,ワズライ,ワズライ,0/4,C2
煩い,20,20,4447,形容詞,自立,*,*,形容詞・アウオ段,基本形,煩い,ウルサイ,ウルサイ,3/4,*
煩い,20,20,4449,形容詞,自立,*,*,形容詞・アウオ段,基本形,煩い,ウルサイ,ウルサイ,3/4,*
煩い,869,869,6962,動詞,自立,*,*,五段・ワ行促音便,連用形,煩う,ワズライ,ワズライ,0/4,*
父娘,1345,1345,11315,名詞,一般,*,*,*,*,父娘,チチコ,チチコ,1/3,C1
父娘,1345,1345,8081,名詞,一般,*,*,*,*,父娘,オヤコ,オヤコ,1/3,C1
父子,1345,1345,5124,名詞,一般,*,*,*,*,父子,フシ,フシ,1/2,C3
父子,1353,1353,9201,名詞,固有名詞,地域,一般,*,*,父子,チチシ,チチシ,1/3,C1
父母,1345,1345,4459,名詞,一般,*,*,*,*,父母,フボ,フボ,1/2,C1
父母,1345,1345,5459,名詞,一般,*,*,*,*,父母,チチハハ,チチハハ,1/4,C1
父母,1345,1345,5656,名詞,一般,*,*,*,*,父母,フボ,フボ,1/2,C1
牧場,1345,1345,4797,名詞,一般,*,*,*,*,牧場,ボクジョウ,ボクジョー,0/4,C2
牧場,1345,1345,6617,名詞,一般,*,*,*,*,牧場,マキバ,マキバ,0/3,C2
牧場,1353,1353,9371,名詞,固有名詞,地域,一般,*,*,牧場,マキバ,マキバ,0/3,C2
物心,1345,1345,5476,名詞,一般,*,*,*,*,物心,ブッシン,ブッシン,0/4,C1
物心,1345,1345,6092,名詞,一般,*,*,*,*,物心,モノゴコロ,モノゴコロ,3/5,C1
特急南風,1348,1348,4746,名詞,固有名詞,一般,*,*,*,特急南風,トッキュウナンプウ,トッキューナンプー,0/8,C2
特種,1345,1345,4746,名詞,一般,*,*,*,*,特種,トクダネ,トクダネ,0/4,C2
特種,1345,1345,5746,名詞,一般,*,*,*,*,特種,トクシュ,トクシュ,0/3,C2
特種自動車,1345,1345,4746,名詞,一般,*,*,*,*,特種自動車,トクシュジドウシャ,トクシュジドーシャ,4/7,C2
特種製紙,1352,1352,6973,名詞,固有名詞,組織,*,*,*,特種製紙,トクシュセイシ,トクシュセーシ,4/6,C1
獣,1345,1345,5960,名詞,一般,*,*,*,*,獣,ケモノ,ケモノ,0/3,C2
獣,1345,1345,5961,名詞,一般,*,*,*,*,獣,ケダモノ,ケダモノ,0/4,C2
獣,1358,1358,8175,名詞,接尾,一般,*,*,*,獣,ジュウ,ジュウ,0/2,C4
玉,1345,1345,5778,名詞,一般,*,*,*,*,玉,タマ,タマ,2/2,C4
玉,1345,1345,5977,名詞,一般,*,*,*,*,玉,ギョク,ギョク,1/2,C4
玉,1345,1345,7023,名詞,一般,*,*,*,*,玉,ダマ,ダマ,2/2,C4
玉,1351,1351,7628,名詞,固有名詞,人名,名,*,*,玉,タマ,タマ,2/2,C4
玉,1353,1353,8458,名詞,固有名詞,地域,一般,*,*,玉,タマ,タマ,2/2,C4
玉,1358,1358,7711,名詞,接尾,一般,*,*,*,玉,ダマ,ダマ,2/2,C4
玉,1360,1360,9921,名詞,接尾,助数詞,*,*,*,玉,タマ,タマ,2/2,C3
玉石,1345,1345,4394,名詞,一般,*,*,*,*,玉石,タマイシ,タマイシ,2/4,C1
玉石,1345,1345,5394,名詞,一般,*,*,*,*,玉石,ギョクセキ,ギョクセキ,0/4,C2
玉石,1345,1345,6077,名詞,一般,*,*,*,*,玉石,タマイシ,タマイシ,2/4,C1
玉石混交,1345,1345,5746,名詞,一般,*,*,*,*,玉石混交,ギョクセキコンコウ,ギョクセキコンコー,0/8,C2
玉石混合,1345,1345,4000,名詞,一般,*,*,*,*,玉石混合,ギョクセキコンゴウ,ギョクセキコンゴー,0/8,C2
玉石混淆,1345,1345,5746,名詞,一般,*,*,*,*,玉石混淆,ギョクセキコンコウ,ギョクセキコンコー,0/8,C2
現生,1345,1345,4746,名詞,一般,*,*,*,*,現生,ゲンセイ,ゲンセー,0/4,C2
現生,1345,1345,5746,名詞,一般,*,*,*,*,現生,ゲンナマ,ゲンナマ,0/4,C2
球,1345,1345,8295,名詞,一般,*,*,*,*,球,タマ,タマ,1/2,C3
球,1345,1345,9696,名詞,一般,*,*,*,*,球,キュウ,キュー,1/2,C3
球,1358,1358,11771,名詞,接尾,一般,*,*,*,球,ダマ,ダマ,1/2,C4
球,1358,1358,11267,名詞,接尾,一般,*,*,*,球,キュウ,キュー,1/2,C3
球,1360,1360,12322,名詞,接尾,助数詞,*,*,*,球,キュウ,キュー,1/2,C3
瓶,1345,1345,5579,名詞,一般,*,*,*,*,瓶,ビン,ビン,1/2,C3
瓶,1345,1345,6552,名詞,一般,*,*,*,*,瓶,カメ,カメ,2/2,C3
瓶,1360,1360,9512,名詞,接尾,助数詞,*,*,*,瓶,ビン,ビン,1/2,C3
生,1341,1341,7420,副詞,一般,*,*,*,*,生,ナマ,ナマ,1/2,*
生,1343,1343,9929,名詞,サ変接続,*,*,*,*,生,ショウ,ショー,1/2,C3
生,1345,1345,10352,名詞,一般,*,*,*,*,生,イケ,イケ,1/2,C3
生,1345,1345,10602,名詞,一般,*,*,*,*,生,イキ,イキ,1/2,C3
生,1345,1345,10713,名詞,一般,*,*,*,*,生,オイ,オイ,1/2,C3
生,1345,1345,7660,名詞,一般,*,*,*,*,生,セイ,セー,1/2,C3
生,1345,1345,9488,名詞,一般,*,*,*,*,生,ナマ,ナマ,1/2,C3
生,1347,1347,6132,名詞,形容動詞語幹,*,*,*,*,生,ナマ,ナマ,1/2,C3
生,1358,1358,12199,名詞,接尾,一般,*,*,*,生,ウマレ,ウマレ,1/3,C2
生,1358,1358,8739,名詞,接尾,一般,*,*,*,生,セイ,セー,1/2,C3
生,585,585,7070,接頭詞,名詞接続,*,*,*,*,生,ナマ,ナマ,0/2,P2
生,585,585,9056,接頭詞,名詞接続,*,*,*,*,生,キ,キ,0/1,P2
生物,1345,1345,3880,名詞,一般,*,*,*,*,生物,セイブツ,セーブツ,1/4,C1
生物,1345,1345,7354,名詞,一般,*,*,*,*,生物,ナマモノ,ナマモノ,1/4,C1
生物,1345,1345,7520,名詞,一般,*,*,*,*,生物,イキモノ,イキモノ,1/4,C1
生花,1345,1345,5585,名詞,一般,*,*,*,*,生花,セイカ,セーカ,1/3,C1
生花,1345,1345,5746,名詞,一般,*,*,*,*,生花,イケバナ,イケバナ,2/4,C1
生花,1353,1353,8400,名詞,固有名詞,地域,一般,*,*,生花,セイカ,セーカ,1/3,C1
生魚,1345,1345,4872,名詞,一般,*,*,*,*,生魚,ナマザカナ,ナマザカナ,3/5,C1
生魚,1345,1345,6119,名詞,一般,*,*,*,*,生魚,セイギョ,セーギョ,1/3,C1
生魚,1345,1345,6129,名詞,一般,*,*,*,*,生魚,ナマウオ,ナマウオ,2/4,C1
生魚店,1345,1345,4746,名詞,一般,*,*,*,*,生魚店,セイギョテン,セーギョテン,0/5,C2
生魚販売業,1345,1345,4746,名詞,一般,*,*,*,*,生魚販売業,セイギョハンバイギョウ,セーギョハンバイギョー,0/9,C2
甲虫,1345,1345,4746,名詞,一般,*,*,*,*,甲虫,コウチュウ,コーチュー,0/4,C2
甲虫,1345,1345,5746,名詞,一般,*,*,*,*,甲虫,カブトムシ,カブトムシ,3/5,C1
甲虫,1345,1345,5746,名詞,一般,*,*,*,*,甲虫,コウチュウ,コーチュー,0/4,C2
男色,1345,1345,4696,名詞,一般,*,*,*,*,男色,ダンショク,ダンショク,0/4,C2
男色,1345,1345,5696,名詞,一般,*,*,*,*,男色,ナンショク,ナンショク,0/4,C2
男色,1345,1345,5746,名詞,一般,*,*,*,*,男色,ダンショク,ダンショク,0/4,C2
町中,1345,1345,6300,名詞,一般,*,*,*,*,町中,マチナカ,マチナカ,0/4,C2
町中,1345,1345,7006,名詞,一般,*,*,*,*,町中,マチジュウ,マチジュー,0/4,C2
白子,1345,1345,5263,名詞,一般,*,*,*,*,白子,シラコ,シラコ,3/3,C2
白子,1345,1345,5966,名詞,一般,*,*,*,*,白子,シロコ,シロコ,2/3,C1
白子,1345,1345,6007,名詞,一般,*,*,*,*,白子,シラス,シラス,0/3,C2
白子,1348,1348,8801,名詞,固有名詞,一般,*,*,*,白子,シロコ,シロコ,3/3,C1
白子,1350,1350,7234,名詞,固有名詞,人名,姓,*,*,白子,シラコ,シラコ,3/3,C1
白子,1353,1353,8246,名詞,固有名詞,地域,一般,*,*,白子,シラコ,シラコ,3/3,C1
白子,1353,1353,8759,名詞,固有名詞,地域,一般,*,*,白子,シロコ,シロコ,3/3,C1
白金,1345,1345,5746,名詞,一般,*,*,*,*,白金,ハッキン,ハッキン,0/4,C2
白金,1345,1345,6297,名詞,一般,*,*,*,*,白金,シロガネ,シロガネ,0/4,C2
白金,1350,1350,8072,名詞,固有名詞,人名,姓,*,*,白金,シロガネ,シロガネ,0/4,C2
白金,1353,1353,8562,名詞,固有名詞,地域,一般,*,*,白金,シラカネ,シラカネ,0/4,C2
白金,1353,1353,8562,名詞,固有名詞,地域,一般,*,*,白金,シラガネ,シラガネ,0/4,C2
白金,1353,1353,8562,名詞,固有名詞,地域,一般,*,*,白金,シロカネ,シロカネ,0/4,C2
白金,1353,1353,9112,名詞,固有名詞,地域,一般,*,*,白金,シロガネ,シロガネ,0/4,C2
白馬,1345,1345,5737,名詞,一般,*,*,*,*,白馬,ハクバ,ハクバ,1/3,C1
白馬,1345,1345,6263,名詞,一般,*,*,*,*,白馬,シロウマ,シロウマ,0/4,C2
白馬,1350,1350,7631,名詞,固有名詞,人名,姓,*,*,白馬,シロウマ,シロウマ,0/4,C2
白馬,1353,1353,7139,名詞,固有名詞,地域,一般,*,*,白馬,ハクバ,ハクバ,1/3,C1
白馬,1353,1353,8042,名詞,固有名詞,地域,一般,*,*,白馬,シラウマ,シラウマ,0/4,C1
白馬,1353,1353,8291,名詞,固有名詞,地域,一般,*,*,白馬,シロウマ,シロウマ,0/4,C2
白髪,1345,1345,4642,名詞,一般,*,*,*,*,白髪,シラガ,シラガ,3/3,C2
白髪,1345,1345,5642,名詞,一般,*,*,*,*,白髪,ハクハツ,ハクハツ,0/4,C2
白髪,1345,1345,5867,名詞,一般,*,*,*,*,白髪,シラガ,シラガ,3/3,C2
白鳥,1345,1345,5589,名詞,一般,*,*,*,*,白鳥,ハクチョウ,ハクチョー,0/4,C2
白鳥,1345,1345,5880,名詞,一般,*,*,*,*,白鳥,シラトリ,シラトリ,2/4,C1
白鳥,1350,1350,7033,名詞,固有名詞,人名,姓,*,*,白鳥,シラトリ,シラトリ,2/4,C1
白鳥,1350,1350,7722,名詞,固有名詞,人名,姓,*,*,白鳥,シロトリ,シロトリ,2/4,C1
白鳥,1351,1351,7419,名詞,固有名詞,人名,名,*,*,白鳥,シラトリ,シラトリ,2/4,C1
白鳥,1351,1351,7426,名詞,固有名詞,人名,名,*,*,白鳥,ハクチョウ,ハクチョー,2/4,C2
白鳥,1353,1353,8061,名詞,固有名詞,地域,一般,*,*,白鳥,シラトリ,シラトリ,2/4,C1
白鳥,1353,1353,8476,名詞,固有名詞,地域,一般,*,*,白鳥,ハクチョウ,ハクチョー,2/4,C2
白鳥,1353,1353,9001,名詞,固有名詞,地域,一般,*,*,白鳥,シロトリ,シロトリ,2/4,C1
百足,1345,1345,4906,名詞,一般,*,*,*,*,百足,ムカデ,ムカデ,0/3,C2
百足,1345,1345,4908,名詞,一般,*,*,*,*,百足,ムカデ,ムカデ,0/3,C2
百足,1348,1348,6921,名詞,固有名詞,一般,*,*,*,百足,ムカデ,ムカデ,0/3,C2
盛り土,1345,1345,4738,名詞,一般,*,*,*,*,盛り土,モリド,モリド,0/3,C2
盛り土,1345,1345,5738,名詞,一般,*,*,*,*,盛り土,モリツチ,モリツチ,0/4,C2
盛る,807,807,6417,動詞,自立,*,*,五段・ラ行,基本形,盛る,モル,モル,0/2,*
盛る,807,807,10000,動詞,自立,*,*,五段・ラ行,基本形,盛る,サカル,サカル,0/3,C1
目下,1341,1341,6009,副詞,一般,*,*,*,*,目下,モッカ,モッカ,1/3,*
目下,1345,1345,5202,名詞,一般,*,*,*,*,目下,メシタ,メシタ,3/3,C1
目下,1375,1375,4512,名詞,副詞可能,*,*,*,*,目下,モッカ,モッカ,1/3,C1
目途,1345,1345,5225,名詞,一般,*,*,*,*,目途,メド,メド,1/2,C3
目途,1345,1345,6225,名詞,一般,*,*,*,*,目途,モクト,モクト,1/3,C1
直,1345,1345,7149,名詞,一般,*,*,*,*,直,ジキ,ジキ,1/2,C3
直,1345,1345,7228,名詞,一般,*,*,*,*,直,チョク,チョク,1/2,C3
直,1345,1345,7524,名詞,一般,*,*,*,*,直,ジカ,ジカ,1/2,C3
直,1351,1351,8078,名詞,固有名詞,人名,名,*,*,直,タダシ,タダシ,1/3,C1
直,1351,1351,9535,名詞,固有名詞,人名,名,*,*,直,ナオ,ナオ,1/2,C3
直,1351,1351,9717,名詞,固有名詞,人名,名,*,*,直,スナオ,スナオ,1/3,C1
直,1351,1351,9855,名詞,固有名詞,人名,名,*,*,直,ナオシ,ナオシ,1/3,C1
直,585,585,6875,接頭詞,名詞接続,*,*,*,*,直,チョク,チョク,1/2,P2
直,585,585,7426,接頭詞,名詞接続,*,*,*,*,直,ヒタ,ヒタ,1/2,P2
直,811,811,6916,動詞,自立,*,*,五段・ラ行,体言接続特殊２,直る,ナオ,ナオ,1/2,*
相乗,1343,1343,4433,名詞,サ変接続,*,*,*,*,相乗,ソウジョウ,ソージョー,0/4,C2
相対,1343,1343,6045,名詞,サ変接続,*,*,*,*,相対,アイタイ,アイタイ,0/4,C2
相対,1345,1345,4053,名詞,一般,*,*,*,*,相対,ソウタイ,ソータイ,0/4,C2
真面目,1347,1347,4530,名詞,形容動詞語幹,*,*,*,*,真面目,マジメ,マジメ,0/3,C2
瞬き,1343,1343,4420,名詞,サ変接続,*,*,*,*,瞬き,マバタキ,マバタキ,2/4,C1
瞬き,717,717,6962,動詞,自立,*,*,五段・カ行イ音便,連用形,瞬く,シバタキ,シバタキ,3/4,*
瞬き,717,717,6962,動詞,自立,*,*,五段・カ行イ音便,連用形,瞬く,シバタタキ,シバタタキ,3/5,*
瞬き,717,717,6962,動詞,自立,*,*,五段・カ行イ音便,連用形,瞬く,マタタキ,マタタキ,3/4,*
瞬き,717,717,6962,動詞,自立,*,*,五段・カ行イ音便,連用形,瞬く,マバタキ,マバタキ,3/4,*
瞬く,707,707,6962,動詞,自立,*,*,五段・カ行イ音便,基本形,瞬く,シバタク,シバタク,3/4,*
瞬く,707,707,6962,動詞,自立,*,*,五段・カ行イ音便,基本形,瞬く,シバタタク,シバタタク,3/5,*
瞬く,707,707,6962,動詞,自立,*,*,五段・カ行イ音便,基本形,瞬く,マバタク,マバタク,3/4,*
瞬く,707,707,6970,動詞,自立,*,*,五段・カ行イ音便,基本形,瞬く,マタタク,マタタク,3/4,*
研究所,1345,1345,-3000,名詞,一般,*,*,*,*,研究所,ケンキュウジョ,ケンキュージョ,5/5,C1
研究所,1345,1345,-1928,名詞,一般,*,*,*,*,研究所,ケンキュウショ,ケンキューショ,5/5,C1
研究所,1358,1358,-2063,名詞,接尾,一般,*,*,*,研究所,ケンキュウジョ,ケンキュージョ,5/5,C1
神戸,1348,1348,10809,名詞,固有名詞,一般,*,*,*,神戸,ゴウド,ゴード,1/3,C1
神戸,1348,1348,7449,名詞,固有名詞,一般,*,*,*,神戸,コウベ,コーベ,1/3,C2
神戸,1350,1350,10410,名詞,固有名詞,人名,姓,*,*,神戸,カンベ,カンベ,1/3,C1
神戸,1353,1353,10765,名詞,固有名詞,地域,一般,*,*,神戸,ゴウト,ゴート,1/3,C1
神戸,1353,1353,10765,名詞,固有名詞,地域,一般,*,*,神戸,ジンゴ,ジンゴ,1/3,C1
神戸,1353,1353,10773,名詞,固有名詞,地域,一般,*,*,神戸,カノト,カノト,1/3,C1
神戸,1353,1353,10812,名詞,固有名詞,地域,一般,*,*,神戸,ゴウド,ゴード,1/3,C1
神戸,1353,1353,10836,名詞,固有名詞,地域,一般,*,*,神戸,コウド,コード,1/3,C1
神戸,1353,1353,10922,名詞,固有名詞,地域,一般,*,*,神戸,カンド,カンド,1/3,C1
神戸,1353,1353,11121,名詞,固有名詞,地域,一般,*,*,神戸,カンベ,カンベ,1/3,C1
神戸,1353,1353,4781,名詞,固有名詞,地域,一般,*,*,神戸,コウベ,コーベ,1/3,C2
私,1345,1345,9561,名詞,一般,*,*,*,*,私,ワシ,ワシ,0/2,C3
私,1366,1366,2715,名詞,代名詞,一般,*,*,*,私,ワタシ,ワタシ,0/3,C3
私,1366,1366,6901,名詞,代名詞,一般,*,*,*,私,ワタクシ,ワタクシ,0/4,C3
私,585,585,8136,接頭詞,名詞接続,*,*,*,*,私,シ,シ,0/1,P1
秋篠宮家,1348,1348,3000,名詞,固有名詞,一般,*,*,*,秋篠宮家,アキシノノミヤケ,アキシノノミヤケ,7/8,C1
種,1345,1345,6688,名詞,一般,*,*,*,*,種,タネ,タネ,1/2,C3
種,1345,1345,6965,名詞,一般,*,*,*,*,種,シュ,シュ,1/1,C3
種,1345,1345,9265,名詞,一般,*,*,*,*,種,クサ,クサ,1/2,C3
種,1345,1345,9654,名詞,一般,*,*,*,*,種,グサ,グサ,1/2,C3
種,1345,1345,9925,名詞,一般,*,*,*,*,種,ダネ,ダネ,1/2,C3
種,1351,1351,9413,名詞,固有名詞,人名,名,*,*,種,タネ,タネ,1/2,C3
種,1353,1353,9751,名詞,固有名詞,地域,一般,*,*,種,タネ,タネ,1/2,C3
種,1358,1358,12321,名詞,接尾,一般,*,*,*,種,ダネ,ダネ,1/2,C3
種,1358,1358,9040,名詞,接尾,一般,*,*,*,種,シュ,シュ,1/1,C3
種,1360,1360,10909,名詞,接尾,助数詞,*,*,*,種,シュ,シュ,1/1,C3
種,1371,1371,10200,名詞,非自立,一般,*,*,*,種,シュ,シュ,1/1,C3
種,649,649,10506,動詞,自立,*,*,一段,未然形,種る,ウエ,ウエ,0/2,C2
種,652,652,10151,動詞,自立,*,*,一段,連用形,種る,ウエ,ウエ,0/2,C2
穴,1345,1345,3570,名詞,一般,*,*,*,*,穴,アナ,アナ,2/2,C4
穴,1345,1345,6900,名詞,一般,*,*,*,*,穴,ケツ,ケツ,2/2,C4
穴,1353,1353,7915,名詞,固有名詞,地域,一般,*,*,穴,アナ,アナ,2/2,C4
穴,1358,1358,9529,名詞,接尾,一般,*,*,*,穴,アナ,アナ,2/2,C4
空,1345,1345,6487,名詞,一般,*,*,*,*,空,ソラ,ソラ,1/2,C3
空,1345,1345,7392,名詞,一般,*,*,*,*,空,カラ,カラ,0/2,C3
空,1345,1345,8664,名詞,一般,*,*,*,*,空,クウ,クー,1/2,C3
空,1345,1345,9228,名詞,一般,*,*,*,*,空,アキ,アキ,1/2,C3
空,1345,1345,9272,名詞,一般,*,*,*,*,空,ゾラ,ゾラ,1/2,C3
空,1345,1345,9317,名詞,一般,*,*,*,*,空,ウロ,ウロ,0/2,C3
空,38,38,6039,形容詞,自立,*,*,形容詞・イ段,ガル接続,空い,ムナシ,ムナシ,2/3,*
空,44,44,6039,形容詞,自立,*,*,形容詞・イ段,文語基本形,空い,ムナシ,ムナシ,2/3,*
空く,50,50,5523,形容詞,自立,*,*,形容詞・イ段,連用テ接続,空い,ムナシク,ムナシク,2/4,*
空く,707,707,6734,動詞,自立,*,*,五段・カ行イ音便,基本形,空く,スク,スク,0/2,*
空く,707,707,6820,動詞,自立,*,*,五段・カ行イ音便,基本形,空く,アク,アク,0/2,*
空手,1345,1345,5720,名詞,一般,*,*,*,*,空手,カラテ,カラテ,0/3,C2
空手,1345,1345,5753,名詞,一般,*,*,*,*,空手,ソラデ,ソラデ,0/3,C2
空覚え,1345,1345,5746,名詞,一般,*,*,*,*,空覚え,ソラオボエ,ソラオボエ,3/5,C1
突く,707,707,6818,動詞,自立,*,*,五段・カ行イ音便,基本形,突く,ツク,ツク,0/2,*
突く,707,707,7955,動詞,自立,*,*,五段・カ行イ音便,基本形,突く,ツツク,ツツク,0/3,*
突く,984,984,9789,動詞,非自立,*,*,五段・カ行イ音便,*,突く,ヅク,ヅク,0/2,*
竜頭,1345,1345,5746,名詞,一般,*,*,*,*,竜頭,リュウズ,リューズ,0/3,C2
竜頭,1345,1345,5746,名詞,一般,*,*,*,*,竜頭,リュウトウ,リュートー,0/4,C2
競売,1343,1343,2881,名詞,サ変接続,*,*,*,*,競売,キョウバイ,キョーバイ,0/4,C2
競売,1343,1343,5939,名詞,サ変接続,*,*,*,*,競売,ケイバイ,ケーバイ,0/4,C2
竹田,1348,1348,8104,名詞,固有名詞,一般,*,*,*,竹田,タケダ,タケダ,0/3,C1
竹田,1350,1350,6764,名詞,固有名詞,人名,姓,*,*,竹田,タケダ,タケダ,0/3,C1
竹田,1350,1350,8265,名詞,固有名詞,人名,姓,*,*,竹田,タケタ,タケタ,0/3,C1
竹田,1353,1353,8059,名詞,固有名詞,地域,一般,*,*,竹田,タケダ,タケダ,0/3,C1
竹田,1353,1353,9062,名詞,固有名詞,地域,一般,*,*,竹田,タケタ,タケタ,0/3,C1
竹馬,1345,1345,4038,名詞,一般,*,*,*,*,竹馬,タケウマ,タケウマ,0/4,C2
竹馬,1345,1345,5746,名詞,一般,*,*,*,*,竹馬,タケウマ,タケウマ,0/4,C2
竹馬,1345,1345,5746,名詞,一般,*,*,*,*,竹馬,チクバ,チクバ,0/3,C2
笑い種,1345,1345,5746,名詞,一般,*,*,*,*,笑い種,ワライグサ,ワライグサ,0/5,C2
等,1345,1345,4000,名詞,一般,*,*,*,*,等,ナド,ナド,1/2,C3
等,1351,1351,9265,名詞,固有名詞,人名,名,*,*,等,ヒトシ,ヒトシ,1/3,C1
等,1358,1358,10520,名詞,接尾,一般,*,*,*,等,ラ,ラ,1/1,C1
等,1358,1358,8338,名詞,接尾,一般,*,*,*,等,トウ,トー,1/2,C1
等,1360,1360,10833,名詞,接尾,助数詞,*,*,*,等,トウ,トー,1/2,C1
等,38,38,5786,形容詞,自立,*,*,形容詞・イ段,ガル接続,等い,ヒトシ,ヒトシ,1/3,*
等,44,44,5786,形容詞,自立,*,*,形容詞・イ段,文語基本形,等い,ヒトシ,ヒトシ,1/3,*
等,585,585,8592,接頭詞,名詞接続,*,*,*,*,等,トウ,トー,0/2,P2
筋肉,1345,1345,5743,名詞,一般,*,*,*,*,筋肉,キンニク,キンニク,1/4,C1
節,1345,1345,6186,名詞,一般,*,*,*,*,節,フシ,フシ,1/2,C3
節,1345,1345,6570,名詞,一般,*,*,*,*,節,セツ,セツ,1/2,C3
節,1345,1345,6815,名詞,一般,*,*,*,*,節,ブシ,ブシ,1/2,C3
節,1351,1351,10436,名詞,固有名詞,人名,名,*,*,節,タカシ,タカシ,1/3,C3
節,1358,1358,9121,名詞,接尾,一般,*,*,*,節,ブシ,ブシ,1/2,C3
節,1360,1360,10237,名詞,接尾,助数詞,*,*,*,節,セツ,セツ,1/2,C3
築地,1345,1345,5692,名詞,一般,*,*,*,*,築地,ツキジ,ツキジ,0/3,C2
築地,1345,1345,6531,名詞,一般,*,*,*,*,築地,ツイジ,ツイジ,0/3,C2
築地,1353,1353,6243,名詞,固有名詞,地域,一般,*,*,築地,ツキジ,ツキジ,0/3,C2
築地,1353,1353,7904,名詞,固有名詞,地域,一般,*,*,築地,チクチ,チクチ,0/3,C1
築地,1353,1353,8204,名詞,固有名詞,地域,一般,*,*,築地,ツイジ,ツイジ,0/3,C2
米,1345,1345,5620,名詞,一般,*,*,*,*,米,コメ,コメ,2/2,C3
米,1345,1345,7653,名詞,一般,*,*,*,*,米,ベイ,ベー,2/2,C3
米,1345,1345,8785,名詞,一般,*,*,*,*,米,マイ,マイ,2/2,C3
米,1345,1345,9662,名詞,一般,*,*,*,*,米,ゴメ,ゴメ,2/2,C3
米,1350,1350,8677,名詞,固有名詞,人名,姓,*,*,米,ヨネ,ヨネ,2/2,C3
米,1351,1351,11070,名詞,固有名詞,人名,名,*,*,米,マイ,マイ,2/2,C3
米,1351,1351,9442,名詞,固有名詞,人名,名,*,*,米,ヨネ,ヨネ,2/2,C3
米,1354,1354,11905,名詞,固有名詞,地域,国,*,*,米,アメリカ,アメリカ,2/4,C3
米,1354,1354,7016,名詞,固有名詞,地域,国,*,*,米,ベイ,ベー,2/2,C3
米,1358,1358,10585,名詞,接尾,一般,*,*,*,米,ゴメ,ゴメ,2/2,C3
米,1358,1358,6610,名詞,接尾,一般,*,*,*,米,マイ,マイ,2/2,C3
米,1360,1360,11525,名詞,接尾,助数詞,*,*,*,米,メートル,メートル,1/4,C3
米原,1353,1353,7447,名詞,固有名詞,地域,一般,*,*,米原,マイバラ,マイバラ,2/4,C1
米原,1353,1353,8532,名詞,固有名詞,地域,一般,*,*,米原,ヨナバル,ヨナバル,2/4,C1
米原,1353,1353,8532,名詞,固有名詞,地域,一般,*,*,米原,ヨネハラ,ヨネハラ,2/4,C2
米原,1353,1353,8532,名詞,固有名詞,地域,一般,*,*,米原,ヨネワラ,ヨネワラ,2/4,C2
米原,1353,1353,8572,名詞,固有名詞,地域,一般,*,*,米原,マイハラ,マイハラ,2/4,C1
米原ＪＣＴ,1348,1348,4746,名詞,固有名詞,一般,*,*,*,米原ＪＣＴ,マイハラジャンクション,マイハラジャンクション,5/9,C1
米政策,1345,1345,6211,名詞,一般,*,*,*,*,米政策,コメセイサク,コメセーサク,3/6,C1
米産地,1345,1345,4600,名詞,一般,*,*,*,*,米産地,コメサンチ,コメサンチ,3/5,C2
米粉,1345,1345,12102,名詞,一般,*,*,*,*,米粉,ビイフン,ビーフン,1/4,C2
米粉,1345,1345,5000,名詞,一般,*,*,*,*,米粉,コメコ,コメコ,3/3,C2
粉,1345,1345,5757,名詞,一般,*,*,*,*,粉,コナ,コナ,2/2,C3
粉,1345,1345,7315,名詞,一般,*,*,*,*,粉,コ,コ,1/1,C3
粉,1358,1358,9424,名詞,接尾,一般,*,*,*,粉,コ,コ,1/1,C3
粋,1347,1347,5083,名詞,形容動詞語幹,*,*,*,*,粋,イキ,イキ,0/2,C3
粋,1347,1347,5142,名詞,形容動詞語幹,*,*,*,*,粋,スイ,スイ,1/2,C3
糞,1345,1345,4680,名詞,一般,*,*,*,*,糞,フン,フン,1/2,C3
糞,1345,1345,5680,名詞,一般,*,*,*,*,糞,クソ,クソ,2/2,C3
糞,1345,1345,5904,名詞,一般,*,*,*,*,糞,フン,フン,1/2,C3
紅葉,1343,1343,3928,名詞,サ変接続,*,*,*,*,紅葉,コウヨウ,コーヨー,0/4,C2
紅葉,1345,1345,6273,名詞,一般,*,*,*,*,紅葉,モミジ,モミジ,0/3,C2
紅葉,1351,1351,8046,名詞,固有名詞,人名,名,*,*,紅葉,コウヨウ,コーヨー,0/4,C2
素性,1345,1345,5746,名詞,一般,*,*,*,*,素性,スジョウ,スジョー,0/3,C2
素性,1345,1345,5746,名詞,一般,*,*,*,*,素性,ソセイ,ソセー,0/3,C2
素振り,1345,1345,5746,名詞,一般,*,*,*,*,素振り,ソブリ,ソブリ,0/3,C2
素振り,1345,1345,5745,名詞,一般,*,*,*,*,素振り,スブリ,スブリ,0/3,C2
細々,1340,1340,2796,副詞,*,*,*,*,*,細々,ホソボソ,ホソボソ,3/4,C1
細目,1345,1345,5746,名詞,一般,*,*,*,*,細目,サイモク,サイモク,0/4,C2
細目,1345,1345,5746,名詞,一般,*,*,*,*,細目,ホソメ,ホソメ,0/3,C2
細目,1350,1350,7521,名詞,固有名詞,人名,姓,*,*,細目,ホソメ,ホソメ,0/3,C1
細細,1340,1340,2816,副詞,*,*,*,*,*,細細,ホソボソ,ホソボソ,3/4,C1
経緯,1345,1345,4162,名詞,一般,*,*,*,*,経緯,ケイイ,ケーイ,1/3,C1
経緯,1345,1345,4225,名詞,一般,*,*,*,*,経緯,タテヌキ,タテヌキ,0/4,C1
経緯,1345,1345,4225,名詞,一般,*,*,*,*,経緯,タテヨコ,タテヨコ,1/4,C1
経緯,1345,1345,4225,名詞,一般,*,*,*,*,経緯,ユクタテ,ユクタテ,0/4,C1
経緯,1345,1345,7427,名詞,一般,*,*,*,*,経緯,イキサツ,イキサツ,1/4,C1
結縁仏,1345,1345,6000,名詞,一般,*,*,*,*,結縁仏,ケチエンブツ,ケチエンブツ,3/6,C1
緒,1345,1345,6400,名詞,一般,*,*,*,*,緒,イトグチ,イトグチ,2/4,C1
緒,1345,1345,7367,名詞,一般,*,*,*,*,緒,チョ,チョ,1/1,C3
緒,1345,1345,7704,名詞,一般,*,*,*,*,緒,オ,オ,1/1,C3
縁,1345,1345,5119,名詞,一般,*,*,*,*,縁,エン,エン,1/2,C3
縁,1345,1345,5262,名詞,一般,*,*,*,*,縁,エニシ,エニシ,1/3,C3
縁,1345,1345,6604,名詞,一般,*,*,*,*,縁,フチ,フチ,1/2,C3
縁,1345,1345,7108,名詞,一般,*,*,*,*,縁,ユカリ,ユカリ,1/3,C3
縁,1345,1345,7139,名詞,一般,*,*,*,*,縁,ヘリ,ヘリ,1/2,C3
縁,1345,1345,7265,名詞,一般,*,*,*,*,縁,ヨシ,ヨシ,1/2,C3
縁,1345,1345,7477,名詞,一般,*,*,*,*,縁,ヨスガ,ヨスガ,1/3,C3
縁,1351,1351,9263,名詞,固有名詞,人名,名,*,*,縁,ユカリ,ユカリ,1/3,C3
縁,811,811,7774,動詞,自立,*,*,五段・ラ行,体言接続特殊２,縁る,ヨ,ヨ,1/1,*
罰,1343,1343,7219,名詞,サ変接続,*,*,*,*,罰,バッ,バッ,2/2,C3
罰,1345,1345,6845,名詞,一般,*,*,*,*,罰,バツ,バツ,1/2,C3
罰,1345,1345,7758,名詞,一般,*,*,*,*,罰,バチ,バチ,2/2,C3
罰,1358,1358,8800,名詞,接尾,一般,*,*,*,罰,バツ,バツ,1/2,C3
羚羊,1345,1345,4695,名詞,一般,*,*,*,*,羚羊,レイヨウ,レーヨー,0/4,C2
羚羊,1345,1345,5695,名詞,一般,*,*,*,*,羚羊,カモシカ,カモシカ,0/4,C2
羚羊,1345,1345,5745,名詞,一般,*,*,*,*,羚羊,レイヨウ,レーヨー,0/4,C2
羽生,1350,1350,4913,名詞,固有名詞,人名,姓,*,*,羽生,ハブ,ハブ,0/2,C3
羽生,1350,1350,8223,名詞,固有名詞,人名,姓,*,*,羽生,ハニュウ,ハニュー,0/3,C2
羽生,1353,1353,8367,名詞,固有名詞,地域,一般,*,*,羽生,ハブ,ハブ,0/2,C3
羽生,1353,1353,9400,名詞,固有名詞,地域,一般,*,*,羽生,ハニュウ,ハニュー,0/3,C2
翡翠,1345,1345,5746,名詞,一般,*,*,*,*,翡翠,カワセミ,カワセミ,0/4,C2
翡翠,1345,1345,5746,名詞,一般,*,*,*,*,翡翠,ヒスイ,ヒスイ,0/3,C2
聖人,1345,1345,5822,名詞,一般,*,*,*,*,聖人,セイジン,セージン,1/4,C2
聖人,1345,1345,5885,名詞,一般,*,*,*,*,聖人,ショウニン,ショウニン,1/4,C2
聖人,1351,1351,7843,名詞,固有名詞,人名,名,*,*,聖人,マサト,マサト,1/3,C1
聖人,1351,1351,8432,名詞,固有名詞,人名,名,*,*,聖人,セイジン,セージン,1/4,C2
股,1345,1345,5852,名詞,一般,*,*,*,*,股,マタ,マタ,2/2,C4
股,1345,1345,6094,名詞,一般,*,*,*,*,股,モモ,モモ,1/2,C3
股,1345,1345,6140,名詞,一般,*,*,*,*,股,コ,コ,1/1,C3
背筋,1345,1345,4872,名詞,一般,*,*,*,*,背筋,セスジ,セスジ,1/3,C1
背筋,1345,1345,6381,名詞,一般,*,*,*,*,背筋,ハイキン,ハイキン,1/4,C2
脅かす,761,761,6383,動詞,自立,*,*,五段・サ行,基本形,脅かす,オビヤカス,オビヤカス,4/5,*
脅かす,761,761,7539,動詞,自立,*,*,五段・サ行,基本形,脅かす,オドカス,オドカス,0/4,*
腸,1345,1345,6251,名詞,一般,*,*,*,*,腸,チョウ,チョー,1/2,C3
腸,1345,1345,6289,名詞,一般,*,*,*,*,腸,ハラワタ,ハラワタ,1/4,C2
腸,1345,1345,6314,名詞,一般,*,*,*,*,腸,ワタ,ワタ,2/2,C3
臍,1345,1345,4769,名詞,一般,*,*,*,*,臍,ヘソ,ヘソ,0/2,C3
臍,1345,1345,5769,名詞,一般,*,*,*,*,臍,ホゾ,ホゾ,1/2,C3
臍,1345,1345,5777,名詞,一般,*,*,*,*,臍,ヘソ,ヘソ,0/2,C3
自ら,1375,1375,5037,名詞,副詞可能,*,*,*,*,自ら,ミズカラ,ミズカラ,1/4,C1
自重,1343,1343,4394,名詞,サ変接続,*,*,*,*,自重,ジチョウ,ジチョー,0/3,C2
自重,1345,1345,5746,名詞,一般,*,*,*,*,自重,ジジュウ,ジジュー,0/3,C2
臭い,117,117,6225,形容詞,非自立,*,*,形容詞・アウオ段,*,臭い,グサイ,グサイ,2/3,*
臭い,1345,1345,5543,名詞,一般,*,*,*,*,臭い,ニオイ,ニオイ,2/3,C2
臭い,20,20,4925,形容詞,自立,*,*,形容詞・アウオ段,基本形,臭い,クサイ,クサイ,2/3,*
臭い,66,66,6343,形容詞,接尾,*,*,形容詞・アウオ段,基本形,臭い,クサイ,クサイ,2/3,*
臭い,869,869,7041,動詞,自立,*,*,五段・ワ行促音便,連用形,臭う,ニオイ,ニオイ,2/3,*
船頭,1345,1345,5616,名詞,一般,*,*,*,*,船頭,センドウ,センドー,3/4,C2
船頭,1353,1353,8517,名詞,固有名詞,地域,一般,*,*,船頭,センドウ,センドー,0/4,C2
船頭,1353,1353,8651,名詞,固有名詞,地域,一般,*,*,船頭,センド,センド,0/3,C1
色紙,1345,1345,5422,名詞,一般,*,*,*,*,色紙,イロガミ,イロガミ,2/4,C1
色紙,1345,1345,5897,名詞,一般,*,*,*,*,色紙,シキシ,シキシ,2/3,C1
艶やか,1347,1347,4000,名詞,形容動詞語幹,*,*,*,*,艶やか,ツヤヤカ,ツヤヤカ,2/4,C2
艶やか,1347,1347,4640,名詞,形容動詞語幹,*,*,*,*,艶やか,アデヤカ,アデヤカ,2/4,C1
芋茎,1345,1345,4746,名詞,一般,*,*,*,*,芋茎,ズイキ,ズイキ,0/3,C2
芋茎,1345,1345,5746,名詞,一般,*,*,*,*,芋茎,イモガラ,イモガラ,0/4,C2
芋茎,1345,1345,5746,名詞,一般,*,*,*,*,芋茎,ズイキ,ズイキ,0/3,C2
芋茎,1353,1353,8562,名詞,固有名詞,地域,一般,*,*,芋茎,イモグキ,イモグキ,2/4,C2
花道,1345,1345,49,名詞,一般,*,*,*,*,花道,ハナミチ,ハナミチ,2/4,*
花道,1345,1345,5744,名詞,一般,*,*,*,*,花道,カドウ,カドー,1/3,C1
花道,1345,1345,5746,名詞,一般,*,*,*,*,花道,ハナミチ,ハナミチ,2/4,C1
芳しい,42,42,4000,形容詞,自立,*,*,形容詞・イ段,基本形,芳しい,カンバシイ,カンバシイ,4/5,*
芳しい,42,42,5000,形容詞,自立,*,*,形容詞・イ段,基本形,芳しい,カグワシイ,カグワシイ,4/5,*
茶店,1345,1345,5746,名詞,一般,*,*,*,*,茶店,チャミセ,チャミセ,0/3,C2
茶飯,1345,1345,4746,名詞,一般,*,*,*,*,茶飯,チャメシ,チャメシ,0/3,C2
茶飯,1345,1345,5746,名詞,一般,*,*,*,*,茶飯,サハン,サハン,0/3,C2
草蜻蛉,1345,1345,4000,名詞,一般,*,*,*,*,草蜻蛉,クサカゲロウ,クサカゲロー,4/6,C1
菖蒲,1345,1345,4904,名詞,一般,*,*,*,*,菖蒲,ショウブ,ショーブ,1/3,C1
菖蒲,1345,1345,5915,名詞,一般,*,*,*,*,菖蒲,アヤメ,アヤメ,0/3,C2
菖蒲,1350,1350,7082,名詞,固有名詞,人名,姓,*,*,菖蒲,ショウブ,ショーブ,1/3,C1
菖蒲,1353,1353,7974,名詞,固有名詞,地域,一般,*,*,菖蒲,ショウブ,ショーブ,1/3,C1
菖蒲,1353,1353,8788,名詞,固有名詞,地域,一般,*,*,菖蒲,アヤメ,アヤメ,0/3,C1
薬湯,1345,1345,4436,名詞,一般,*,*,*,*,薬湯,クスリユ,クスリユ,3/4,C2
薬湯,1345,1345,5436,名詞,一般,*,*,*,*,薬湯,ヤクトウ,ヤクトー,0/4,C2
蘭,1345,1345,6763,名詞,一般,*,*,*,*,蘭,ラン,ラン,1/2,C3
蘭,1351,1351,9222,名詞,固有名詞,人名,名,*,*,蘭,ラン,ラン,1/2,C3
蘭,1353,1353,9012,名詞,固有名詞,地域,一般,*,*,蘭,アララギ,アララギ,0/4,C2
蜻蛉,1345,1345,5735,名詞,一般,*,*,*,*,蜻蛉,トンボ,トンボ,0/3,C1
蜻蛉,1345,1345,5746,名詞,一般,*,*,*,*,蜻蛉,カゲロウ,カゲロウ,1/4,C1
蜻蛉,1345,1345,5746,名詞,一般,*,*,*,*,蜻蛉,トンボ,トンボ,0/3,C1
蝶番,1345,1345,5746,名詞,一般,*,*,*,*,蝶番,チョウツガイ,チョーツガイ,3/5,C1
行,1345,1345,7787,名詞,一般,*,*,*,*,行,ギョウ,ギョー,1/2,C3
行,1345,1345,7850,名詞,一般,*,*,*,*,行,オコナイ,オコナイ,0/4,C3
行,1345,1345,7850,名詞,一般,*,*,*,*,行,クダリ,クダリ,0/3,C3
行,1345,1345,8015,名詞,一般,*,*,*,*,行,ユキ,ユキ,0/2,C3
行,1345,1345,8360,名詞,一般,*,*,*,*,行,イキ,イキ,0/2,C3
行,1348,1348,10388,名詞,固有名詞,一般,*,*,*,行,ユキ,ユキ,0/2,C3
行,1351,1351,8891,名詞,固有名詞,人名,名,*,*,行,コウ,コー,1/2,C3
行,1353,1353,9893,名詞,固有名詞,地域,一般,*,*,行,アルキ,アルキ,0/3,C3
行,1360,1360,10502,名詞,接尾,助数詞,*,*,*,行,ギョウ,ギョー,1/2,C3
行,1360,1360,10503,名詞,接尾,助数詞,*,*,*,行,コウ,コー,1/2,C3
行,1363,1363,10110,名詞,接尾,地域,*,*,*,行,ユキ,ユキ,0/2,C4
行,1363,1363,9476,名詞,接尾,地域,*,*,*,行,イキ,イキ,0/2,C4
行く,1028,1028,8399,動詞,非自立,*,*,五段・カ行促音便,基本形,行く,イク,イク,0/2,動詞%F4@1
行く,1054,1054,9596,動詞,非自立,*,*,五段・カ行促音便ユク,基本形,行く,ユク,ユク,0/2,動詞%F4@1
行く,724,724,6366,動詞,自立,*,*,五段・カ行促音便,基本形,行く,イク,イク,0/2,*
行く,740,740,7894,動詞,自立,*,*,五段・カ行促音便ユク,基本形,行く,ユク,ユク,0/2,*
表,1345,1345,6510,名詞,一般,*,*,*,*,表,ヒョウ,ヒョー,0/2,C4
表,1345,1345,7244,名詞,一般,*,*,*,*,表,オモテ,オモテ,3/3,C4
表,1353,1353,10591,名詞,固有名詞,地域,一般,*,*,表,オモテ,オモテ,3/3,C4
表,1358,1358,8692,名詞,接尾,一般,*,*,*,表,ヒョウ,ヒョー,0/2,C4
表,585,585,8089,接頭詞,名詞接続,*,*,*,*,表,オモテ,オモテ,3/3,P2
表し,612,612,6872,動詞,自立,*,*,サ変・−スル,未然形,表する,ヒョウシ,ヒョーシ,3/3,*
表し,765,765,6996,動詞,自立,*,*,五段・サ行,連用形,表す,アラワシ,アラワシ,3/4,*
表す,609,609,7022,動詞,自立,*,*,サ変・−スル,文語基本形,表する,ヒョウス,ヒョース,3/3,*
表す,761,761,6951,動詞,自立,*,*,五段・サ行,基本形,表す,アラワス,アラワス,3/4,*
被る,645,645,9672,動詞,自立,*,*,一段,基本形,被る,キル,キル,0/2,C4
被る,801,801,6862,動詞,自立,*,*,五段・ラ行,*,被る,カムル,カムル,2/3,*
被る,807,807,6280,動詞,自立,*,*,五段・ラ行,基本形,被る,コウムル,コームル,3/4,*
被る,807,807,7429,動詞,自立,*,*,五段・ラ行,基本形,被る,カブル,カブル,2/3,*
装う,854,854,6149,動詞,自立,*,*,五段・ワ行促音便,基本形,装う,ヨソオウ,ヨソオウ,3/4,*
装う,854,854,6800,動詞,自立,*,*,五段・ワ行促音便,基本形,装う,ヨソウ,ヨソウ,0/3,C1
裏地,1345,1345,5718,名詞,一般,*,*,*,*,裏地,ウラジ,ウラジ,0/3,C2
裏金,1345,1345,5646,名詞,一般,*,*,*,*,裏金,ウラガネ,ウラガネ,0/4,C2
褐色,1345,1345,5755,名詞,一般,*,*,*,*,褐色,カッショク,カッショク,0/4,C2
要,1345,1345,7311,名詞,一般,*,*,*,*,要,ヨウ,ヨー,1/2,C3
要,1345,1345,7823,名詞,一般,*,*,*,*,要,カナメ,カナメ,0/3,C3
要,1351,1351,9457,名詞,固有名詞,人名,名,*,*,要,カナメ,カナメ,0/3,C3
要,1353,1353,10002,名詞,固有名詞,地域,一般,*,*,要,カナメ,カナメ,0/3,C3
要,585,585,6798,接頭詞,名詞接続,*,*,*,*,要,ヨウ,ヨー,1/2,P2
要,811,811,7597,動詞,自立,*,*,五段・ラ行,体言接続特殊２,要る,イ,イ,0/1,*
見える,645,645,5400,動詞,自立,*,*,一段,基本形,見える,ミエル,ミエル,2/3,*
見える,645,645,9756,動詞,自立,*,*,一段,基本形,見える,マミエル,マミエル,3/4,*
見下す,761,761,6800,動詞,自立,*,*,五段・サ行,基本形,見下す,ミオロス,ミオロス,0/4,C1
見下す,761,761,6700,動詞,自立,*,*,五段・サ行,基本形,見下す,ミクダス,ミクダス,0/4,*
見出す,761,761,7200,動詞,自立,*,*,五段・サ行,基本形,見出す,ミイダス,ミイダス,3/4,*
見物,1343,1343,4026,名詞,サ変接続,*,*,*,*,見物,ケンブツ,ケンブツ,0/4,C2
見物,1345,1345,4344,名詞,一般,*,*,*,*,見物,ミモノ,ミモノ,3/3,C2
見物,1350,1350,8232,名詞,固有名詞,人名,姓,*,*,見物,ケンモツ,ケンモツ,0/4,C2
見物,1353,1353,8678,名詞,固有名詞,地域,一般,*,*,見物,ケンブツ,ケンブツ,0/4,C2
角,12,12,4620,形容詞,自立,*,*,形容詞・アウオ段,ガル接続,角い,カク,カク,1/2,*
角,1345,1345,6836,名詞,一般,*,*,*,*,角,カク,カク,1/2,C3
角,1345,1345,7038,名詞,一般,*,*,*,*,角,カド,カド,1/2,C3
角,1345,1345,7347,名詞,一般,*,*,*,*,角,ツノ,ツノ,1/2,C3
角,1345,1345,8096,名詞,一般,*,*,*,*,角,カッ,カッ,1/2,C3
角,1350,1350,8876,名詞,固有名詞,人名,姓,*,*,角,スミ,スミ,1/2,C3
角,1353,1353,10095,名詞,固有名詞,地域,一般,*,*,角,ツノ,ツノ,1/2,C3
角,1353,1353,9939,名詞,固有名詞,地域,一般,*,*,角,スミ,スミ,1/2,C3
角,1353,1353,9991,名詞,固有名詞,地域,一般,*,*,角,カド,カド,1/2,C3
角,1358,1358,9239,名詞,接尾,一般,*,*,*,角,カク,カク,1/2,C3
角,1360,1360,11226,名詞,接尾,助数詞,*,*,*,角,カク,カク,1/2,C3
解,1343,1343,5565,名詞,サ変接続,*,*,*,*,解,カイ,カイ,1/2,C3
解,1358,1358,5883,名詞,接尾,一般,*,*,*,解,ゲ,ゲ,1/1,C1
解,649,649,7484,動詞,自立,*,*,一段,未然形,解る,ホドケ,ホドケ,1/3,*
解,652,652,7484,動詞,自立,*,*,一段,連用形,解る,ホドケ,ホドケ,1/3,*
解,811,811,7083,動詞,自立,*,*,五段・ラ行,体言接続特殊２,解る,ワカ,ワカ,1/2,*
解く,707,707,6248,動詞,自立,*,*,五段・カ行イ音便,基本形,解く,トク,トク,1/2,*
解く,707,707,8086,動詞,自立,*,*,五段・カ行イ音便,基本形,解く,ホドク,ホドク,1/3,*
触れ,649,649,7957,動詞,自立,*,*,一段,未然形,触れる,サワレ,サワレ,0/3,*
触れ,652,652,7957,動詞,自立,*,*,一段,連用形,触れる,サワレ,サワレ,0/3,*
触れっ,646,646,8846,動詞,自立,*,*,一段,基本形-促音便,触れる,サワレッ,サワレッ,0/4,*
触れよ,648,648,8846,動詞,自立,*,*,一段,未然ウ接続,触れる,サワレヨ,サワレヨ,0/4,*
触れよ,651,651,8846,動詞,自立,*,*,一段,命令ｙｏ,触れる,サワレヨ,サワレヨ,0/4,*
触れりゃ,644,644,8846,動詞,自立,*,*,一段,仮定縮約１,触れる,サワレリャ,サワレリャ,0/4,*
触れる,645,645,6349,動詞,自立,*,*,一段,基本形,触れる,フレル,フレル,0/3,*
触れる,645,645,8849,動詞,自立,*,*,一段,基本形,触れる,サワレル,サワレル,0/4,*
触れる,953,953,9175,動詞,非自立,*,*,一段,*,触れる,ブレル,ブレル,0/3,*
触れれ,643,643,8846,動詞,自立,*,*,一段,仮定形,触れる,サワレレ,サワレレ,0/4,*
触れろ,650,650,8846,動詞,自立,*,*,一段,命令ｒｏ,触れる,サワレロ,サワレロ,0/4,*
触れん,647,647,8914,動詞,自立,*,*,一段,体言接続特殊,触れる,サワレン,サワレン,0/4,*
言語,1345,1345,3717,名詞,一般,*,*,*,*,言語,ゲンゴ,ゲンゴ,1/3,C1
言語,1345,1345,7590,名詞,一般,*,*,*,*,言語,ゴンゴ,ゴンゴ,1/3,C1
訳,1345,1345,7054,名詞,一般,*,*,*,*,訳,ワケ,ワケ,1/2,C3
訳,1345,1345,7103,名詞,一般,*,*,*,*,訳,ヤク,ヤク,1/2,C3
訳,1358,1358,7548,名詞,接尾,一般,*,*,*,訳,ヤク,ヤク,1/2,C3
訳,1371,1371,8261,名詞,非自立,一般,*,*,*,訳,ワケ,ワケ,1/2,C3
評定,1343,1343,4064,名詞,サ変接続,*,*,*,*,評定,ヒョウジョウ,ヒョージョー,0/4,C2
評定,1343,1343,4759,名詞,サ変接続,*,*,*,*,評定,ヒョウテイ,ヒョーテー,0/4,C2
認める,645,645,4066,動詞,自立,*,*,一段,基本形,認める,ミトメル,ミトメル,0/4,*
認める,645,645,9428,動詞,自立,*,*,一段,基本形,認める,シタタメル,シタタメル,4/5,*
語,1345,1345,17069,名詞,一般,*,*,*,*,語,カタリ,カタリ,1/3,C3
語,1345,1345,7782,名詞,一般,*,*,*,*,語,ゴ,ゴ,1/1,C3
語,1358,1358,7662,名詞,接尾,一般,*,*,*,語,ゴ,ゴ,1/1,C4
語,1360,1360,10388,名詞,接尾,助数詞,*,*,*,語,ゴ,ゴ,1/1,C3
語,811,811,6506,動詞,自立,*,*,五段・ラ行,体言接続特殊２,語る,カタ,カタ,1/2,*
読師,1345,1345,1000,名詞,一般,*,*,*,*,読師,ドクシ,ドクシ,1/3,C1
読本,1345,1345,4746,名詞,一般,*,*,*,*,読本,ドクホン,ドクホン,0/4,C2
読本,1345,1345,5746,名詞,一般,*,*,*,*,読本,トクホン,トクホン,0/4,C2
読本,1345,1345,5746,名詞,一般,*,*,*,*,読本,ヨミホン,ヨミホン,0/4,C2
謀る,807,807,6963,動詞,自立,*,*,五段・ラ行,基本形,謀る,タバカル,タバカル,3/4,*
謀る,807,807,7103,動詞,自立,*,*,五段・ラ行,基本形,謀る,ハカル,ハカル,2/3,*
護摩木,1345,1345,6000,名詞,一般,*,*,*,*,護摩木,ゴマギ,ゴマギ,0/3,C2
質,1345,1345,5818,名詞,一般,*,*,*,*,質,シツ,シツ,0/2,C3
質,1345,1345,8761,名詞,一般,*,*,*,*,質,シチ,シチ,2/2,C3
質,1345,1345,8851,名詞,一般,*,*,*,*,質,タチ,タチ,1/2,C3
質,1351,1351,9393,名詞,固有名詞,人名,名,*,*,質,タダシ,タダシ,0/3,C3
質,1358,1358,10024,名詞,接尾,一般,*,*,*,質,シツ,シツ,0/2,C3
赤子,1345,1345,5740,名詞,一般,*,*,*,*,赤子,アカゴ,アカゴ,0/3,C2
足代,1345,1345,3743,名詞,一般,*,*,*,*,足代,アシダイ,アシダイ,0/4,C2
足代,1345,1345,5746,名詞,一般,*,*,*,*,足代,アシダイ,アシダイ,0/4,C2
足代,1350,1350,7482,名詞,固有名詞,人名,姓,*,*,足代,アジロ,アジロ,0/3,C1
足代,1353,1353,8523,名詞,固有名詞,地域,一般,*,*,足代,アジロ,アジロ,0/3,C1
足代,1353,1353,8562,名詞,固有名詞,地域,一般,*,*,足代,アシロ,アシロ,0/3,C2
足取り,1345,1345,4827,名詞,一般,*,*,*,*,足取り,アシドリ,アシドリ,0/4,C2
足取り,1345,1345,6594,名詞,一般,*,*,*,*,足取り,アシトリ,アシトリ,0/4,C2
足跡,1345,1345,4860,名詞,一般,*,*,*,*,足跡,アシアト,アシアト,3/4,C1
足跡,1345,1345,6621,名詞,一般,*,*,*,*,足跡,ソクセキ,ソクセキ,0/4,C1
転寝,1345,1345,5746,名詞,一般,*,*,*,*,転寝,ウタタネ,ウタタネ,0/4,C2
転寝,1345,1345,5746,名詞,一般,*,*,*,*,転寝,マロビネ,マロビネ,0/4,C2
辛い,20,20,4521,形容詞,自立,*,*,形容詞・アウオ段,基本形,辛い,ツライ,ツライ,2/3,*
辛い,20,20,4975,形容詞,自立,*,*,形容詞・アウオ段,基本形,辛い,カライ,カライ,2/3,*
辛い,64,64,6732,形容詞,接尾,*,*,形容詞・アウオ段,基本形,辛い,ガライ,ガライ,2/3,*
辺,1345,1345,4000,名詞,一般,*,*,*,*,辺,ヘン,ヘン,0/2,C3
辺,1345,1345,6061,名詞,一般,*,*,*,*,辺,アタリ,アタリ,1/3,C3
辺,1345,1345,6062,名詞,一般,*,*,*,*,辺,ヘン,ヘン,0/2,C3
辺,1345,1345,6583,名詞,一般,*,*,*,*,辺,ホトリ,ホトリ,0/3,C3
辺,1358,1358,9237,名詞,接尾,一般,*,*,*,辺,ベ,ベ,0/1,C3
辺,1360,1360,9685,名詞,接尾,助数詞,*,*,*,辺,ヘン,ヘン,0/2,C3
辺,1365,1365,8587,名詞,接尾,副詞可能,*,*,*,辺,アタリ,アタリ,1/3,C3
追従,1343,1343,4420,名詞,サ変接続,*,*,*,*,追従,ツイショウ,ツイショー,0/4,C2
追従,1343,1343,4420,名詞,サ変接続,*,*,*,*,追従,ツイジュウ,ツイジュー,0/4,C2
退く,707,707,5939,動詞,自立,*,*,五段・カ行イ音便,基本形,退く,シリゾク,シリゾク,3/4,*
退く,707,707,7563,動詞,自立,*,*,五段・カ行イ音便,基本形,退く,ノク,ノク,0/2,*
退く,707,707,7849,動詞,自立,*,*,五段・カ行イ音便,基本形,退く,ドク,ドク,2/2,*
退く,984,984,9523,動詞,非自立,*,*,五段・カ行イ音便,*,退く,ビク,ビク,2/2,*
退ける,645,645,5938,動詞,自立,*,*,一段,基本形,退ける,シリゾケル,シリゾケル,4/5,*
退ける,645,645,7248,動詞,自立,*,*,一段,基本形,退ける,ドケル,ドケル,0/3,*
退ける,645,645,7248,動詞,自立,*,*,一段,基本形,退ける,ノケル,ノケル,0/3,*
退ける,645,645,7248,動詞,自立,*,*,一段,基本形,退ける,ヒケル,ヒケル,0/3,*
逆手,1345,1345,5149,名詞,一般,*,*,*,*,逆手,サカテ,サカテ,0/3,C2
逆手,1345,1345,5861,名詞,一般,*,*,*,*,逆手,ギャクテ,ギャクテ,0/3,C2
造作,1343,1343,4420,名詞,サ変接続,*,*,*,*,造作,ゾウサク,ゾーサク,1/4,C2
造作,1345,1345,5746,名詞,一般,*,*,*,*,造作,ゾウサ,ゾーサ,0/3,C2
逸れる,645,645,6962,動詞,自立,*,*,一段,基本形,逸れる,ソレル,ソレル,2/3,*
逸れる,645,645,6962,動詞,自立,*,*,一段,基本形,逸れる,ハグレル,ハグレル,2/4,*
道程,1345,1345,5178,名詞,一般,*,*,*,*,道程,ドウテイ,ドーテー,0/4,C2
道程,1345,1345,5241,名詞,一般,*,*,*,*,道程,ミチホド,ミチホド,0/4,C2
道程,1345,1345,6338,名詞,一般,*,*,*,*,道程,ミチノリ,ミチノリ,0/4,C2
違う,12,12,9355,形容詞,自立,*,*,形容詞・アウオ段,ガル接続,違うい,チガウ,チガウ,3/3,C1
違う,835,835,7110,動詞,自立,*,*,五段・ワ行ウ音便,*,違う,タガウ,タガウ,0/3,*
違う,846,846,7110,動詞,自立,*,*,五段・ワ行ウ音便,連用タ接続,違う,タガウ,タガウ,0/3,*
違う,854,854,5473,動詞,自立,*,*,五段・ワ行促音便,基本形,違う,チガウ,チガウ,0/3,*
違える,645,645,6693,動詞,自立,*,*,一段,基本形,違える,タガエル,タガエル,0/4,*
違える,645,645,6693,動詞,自立,*,*,一段,基本形,違える,チガエル,チガエル,0/4,*
選る,645,645,8206,動詞,自立,*,*,一段,基本形,選る,エラベル,エラベル,1/4,*
選る,801,801,8438,動詞,自立,*,*,五段・ラ行,*,選る,エル,エル,1/2,*
選る,807,807,7205,動詞,自立,*,*,五段・ラ行,基本形,選る,ヨル,ヨル,1/2,*
選る,807,807,7822,動詞,自立,*,*,五段・ラ行,基本形,選る,ヨル,ヨル,1/2,*
避ける,645,645,6885,動詞,自立,*,*,一段,基本形,避ける,サケル,サケル,2/3,*
避ける,953,953,9563,動詞,非自立,*,*,一段,*,避ける,ヨケル,ヨケル,2/3,*
酷い,20,20,4494,形容詞,自立,*,*,形容詞・アウオ段,基本形,酷い,ヒドイ,ヒドイ,2/3,*
酷い,20,20,4494,形容詞,自立,*,*,形容詞・アウオ段,基本形,酷い,ムゴイ,ムゴイ,2/3,*
釈迦仏,1345,1345,6000,名詞,一般,*,*,*,*,釈迦仏,シャカブツ,シャカブツ,2/4,C1
金,1345,1345,10171,名詞,一般,*,*,*,*,金,カナ,カナ,0/2,C3
金,1345,1345,10972,名詞,一般,*,*,*,*,金,ガネ,ガネ,0/2,C3
金,1345,1345,6235,名詞,一般,*,*,*,*,金,キン,キン,1/2,C3
金,1345,1345,6550,名詞,一般,*,*,*,*,金,カネ,カネ,0/2,C3
金,1350,1350,12015,名詞,固有名詞,人名,姓,*,*,金,キム,キム,1/2,C3
金,1350,1350,12475,名詞,固有名詞,人名,姓,*,*,金,コン,コン,0/2,C3
金,1350,1350,9322,名詞,固有名詞,人名,姓,*,*,金,キン,キン,1/2,C3
金,1353,1353,11279,名詞,固有名詞,地域,一般,*,*,金,カネ,カネ,0/2,C3
金,1353,1353,12451,名詞,固有名詞,地域,一般,*,*,金,コガネ,コガネ,0/3,C3
金,1353,1353,13618,名詞,固有名詞,地域,一般,*,*,金,カナ,カナ,0/2,C3
金,1358,1358,14363,名詞,接尾,一般,*,*,*,金,ガネ,ガネ,0/2,C4
金,1358,1358,8027,名詞,接尾,一般,*,*,*,金,キン,キン,1/2,C4
金,1360,1360,12753,名詞,接尾,助数詞,*,*,*,金,キン,キン,1/2,C3
金星,1345,1345,6576,名詞,一般,*,*,*,*,金星,キンボシ,キンボシ,1/4,C1
金星,1348,1348,7405,名詞,固有名詞,一般,*,*,*,金星,キンセイ,キンセー,0/4,C1
金星,1350,1350,7374,名詞,固有名詞,人名,姓,*,*,金星,カナボシ,カナボシ,2/4,C2
金星,1353,1353,7728,名詞,固有名詞,地域,一般,*,*,金星,キンセイ,キンセー,0/4,C1
金色,1345,1345,5373,名詞,一般,*,*,*,*,金色,キンイロ,キンイロ,0/4,C2
金色,1345,1345,6059,名詞,一般,*,*,*,*,金色,コンジキ,コンジキ,0/4,C2
金色,1353,1353,8568,名詞,固有名詞,地域,一般,*,*,金色,カナイロ,カナイロ,0/4,C2
金輪,1345,1345,5740,名詞,一般,*,*,*,*,金輪,カナワ,カナワ,0/3,C2
金輪,1345,1345,5746,名詞,一般,*,*,*,*,金輪,コンリン,コンリン,0/4,C2
金輪,1353,1353,8555,名詞,固有名詞,地域,一般,*,*,金輪,カナワ,カナワ,0/3,C1
金輪際,1341,1341,5066,副詞,一般,*,*,*,*,金輪際,コンリンザイ,コンリンザイ,3/6,*
金輪際,1345,1345,5746,名詞,一般,*,*,*,*,金輪際,コンリンザイ,コンリンザイ,3/6,C1
鈍い,20,20,3448,形容詞,自立,*,*,形容詞・アウオ段,基本形,鈍い,ニブイ,ニブイ,2/3,*
鈍い,20,20,5364,形容詞,自立,*,*,形容詞・アウオ段,基本形,鈍い,ノロイ,ノロイ,2/3,*
鈍る,807,807,6961,動詞,自立,*,*,五段・ラ行,基本形,鈍る,ナマル,ナマル,2/3,*
鈍る,807,807,6961,動詞,自立,*,*,五段・ラ行,基本形,鈍る,ニブル,ニブル,2/3,*
銀杏,1345,1345,5740,名詞,一般,*,*,*,*,銀杏,イチョウ,イチョー,0/3,C2
銀杏,1345,1345,5742,名詞,一般,*,*,*,*,銀杏,ギンナン,ギンナン,3/4,C2
銀杏,1353,1353,8556,名詞,固有名詞,地域,一般,*,*,銀杏,イチョウ,イチョー,0/3,C2
長物,1345,1345,5744,名詞,一般,*,*,*,*,長物,チョウブツ,チョーブツ,0/4,C2
長物,1345,1345,5600,名詞,一般,*,*,*,*,長物,ナガモノ,ナガモノ,0/4,C2
開く,707,707,4058,動詞,自立,*,*,五段・カ行イ音便,基本形,開く,ヒラク,ヒラク,2/3,*
開く,707,707,7058,動詞,自立,*,*,五段・カ行イ音便,基本形,開く,アク,アク,2/2,*
開く,984,984,5130,動詞,非自立,*,*,五段・カ行イ音便,*,開く,ビラク,ビラク,2/3,*
開ける,645,645,6377,動詞,自立,*,*,一段,基本形,開ける,アケル,アケル,0/3,*
開ける,645,645,6545,動詞,自立,*,*,一段,基本形,開ける,ヒラケル,ヒラケル,3/4,*
開ける,645,645,8197,動詞,自立,*,*,一段,基本形,開ける,ハダケル,ハダケル,3/4,*
開眼,1343,1343,3069,名詞,サ変接続,*,*,*,*,開眼,カイガン,カイガン,0/4,C2
開眼,1343,1343,5405,名詞,サ変接続,*,*,*,*,開眼,カイゲン,カイゲン,0/4,C2
間,1345,1345,10192,名詞,一般,*,*,*,*,間,アイ,アイ,0/2,C2
間,1345,1345,8000,名詞,一般,*,*,*,*,間,アイダ,アイダ,0/3,*
間,1345,1345,8358,名詞,一般,*,*,*,*,間,マ,マ,0/1,C2
間,1350,1350,10895,名詞,固有名詞,人名,姓,*,*,間,ハザマ,ハザマ,0/3,C2
間,1353,1353,11369,名詞,固有名詞,地域,一般,*,*,間,ハサマ,ハサマ,0/3,C2
間,1353,1353,11926,名詞,固有名詞,地域,一般,*,*,間,ハザマ,ハザマ,0/3,C2
間,1358,1358,8545,名詞,接尾,一般,*,*,*,間,カン,カン,1/2,C3
間,1360,1360,11786,名詞,接尾,助数詞,*,*,*,間,ケン,ケン,1/2,C3
間,1375,1375,10250,名詞,副詞可能,*,*,*,*,間,アイダ,アイダ,0/3,C2
間,1375,1375,9673,名詞,副詞可能,*,*,*,*,間,カン,カン,1/2,C2
降り,1256,1256,9774,動詞,非自立,*,*,五段・ラ行,連用形,降る,ブリ,ブリ,2/2,*
降り,1345,1345,5825,名詞,一般,*,*,*,*,降り,フリ,フリ,2/2,C3
降り,1345,1345,6523,名詞,一般,*,*,*,*,降り,ブリ,ブリ,2/2,C3
降り,1358,1358,8801,名詞,接尾,一般,*,*,*,降り,ブリ,ブリ,2/2,C4
降り,649,649,4554,動詞,自立,*,*,一段,未然形,降りる,オリ,オリ,2/2,*
降り,652,652,4554,動詞,自立,*,*,一段,連用形,降りる,オリ,オリ,2/2,*
降り,823,823,5590,動詞,自立,*,*,五段・ラ行,連用形,降る,フリ,フリ,2/2,*
降り,823,823,7223,動詞,自立,*,*,五段・ラ行,連用形,降る,クダリ,クダリ,2/3,*
陸,1345,1345,6253,名詞,一般,*,*,*,*,陸,リク,リク,0/2,C3
陸,1345,1345,7839,名詞,一般,*,*,*,*,陸,オカ,オカ,0/2,C3
陸,1350,1350,8479,名詞,固有名詞,人名,姓,*,*,陸,リク,リク,0/2,C3
陸,1351,1351,9251,名詞,固有名詞,人名,名,*,*,陸,リク,リク,0/2,C3
陸,1353,1353,9522,名詞,固有名詞,地域,一般,*,*,陸,クガ,クガ,0/2,C3
雛,1345,1345,5734,名詞,一般,*,*,*,*,雛,ヒナ,ヒナ,1/2,C3
雛,1345,1345,5744,名詞,一般,*,*,*,*,雛,ヒヨコ,ヒヨコ,1/3,C3
雛,1345,1345,5746,名詞,一般,*,*,*,*,雛,ヒイナ,ヒイナ,1/3,C3
雛,1345,1345,5746,名詞,一般,*,*,*,*,雛,ビナ,ビナ,1/2,C3
難い,130,130,5777,形容詞,非自立,*,*,形容詞・アウオ段,基本形,難い,ガタイ,ガタイ,2/3,動詞%F4@2
難い,20,20,5188,形容詞,自立,*,*,形容詞・アウオ段,基本形,難い,カタイ,カタイ,2/3,*
難い,42,42,4515,形容詞,自立,*,*,形容詞・イ段,基本形,難い,ムズカシイ,ムズカシイ,4/5,*
青梅,1345,1345,6687,名詞,一般,*,*,*,*,青梅,アオウメ,アオウメ,2/4,C1
青梅,1353,1353,6850,名詞,固有名詞,地域,一般,*,*,青梅,オウメ,オウメ,1/3,C1
青蠅,1345,1345,4736,名詞,一般,*,*,*,*,青蠅,アオバエ,アオバエ,0/4,C2
青蠅,1345,1345,5746,名詞,一般,*,*,*,*,青蠅,キンバエ,キンバエ,0/4,C2
青魚,1345,1345,7773,名詞,一般,*,*,*,*,青魚,アオザカナ,アオザカナ,3/5,*
面,1345,1345,10446,名詞,一般,*,*,*,*,面,ツラ,ツラ,2/2,C3
面,1345,1345,10670,名詞,一般,*,*,*,*,面,ヅラ,ヅラ,0/2,C3
面,1345,1345,10691,名詞,一般,*,*,*,*,面,オモ,オモ,1/2,C3
面,1345,1345,10806,名詞,一般,*,*,*,*,面,オモテ,オモテ,3/3,C3
面,1345,1345,10846,名詞,一般,*,*,*,*,面,モ,モ,1/1,C3
面,1345,1345,7235,名詞,一般,*,*,*,*,面,メン,メン,0/2,C3
面,1358,1358,7866,名詞,接尾,一般,*,*,*,面,メン,メン,0/2,C3
面,1360,1360,11188,名詞,接尾,助数詞,*,*,*,面,メン,メン,0/2,C3
面子,1345,1345,4746,名詞,一般,*,*,*,*,面子,メンツ,メンツ,0/3,C2
面子,1345,1345,5746,名詞,一般,*,*,*,*,面子,メンコ,メンコ,0/3,C2
面子,1345,1345,5746,名詞,一般,*,*,*,*,面子,メンツ,メンツ,0/3,C2
音色,1345,1345,5105,名詞,一般,*,*,*,*,音色,ネイロ,ネイロ,0/3,C2
音色,1345,1345,6270,名詞,一般,*,*,*,*,音色,オンショク,オンショク,0/4,C2
響く,707,707,7034,動詞,自立,*,*,五段・カ行イ音便,基本形,響く,ヒビク,ヒビク,2/3,*
頭,1345,1345,10044,名詞,一般,*,*,*,*,頭,カシラ,カシラ,3/3,C1
頭,1345,1345,10164,名詞,一般,*,*,*,*,頭,ツブリ,ツブリ,0/3,C1
頭,1345,1345,10164,名詞,一般,*,*,*,*,頭,ツムリ,ツムリ,3/3,C1
頭,1345,1345,10242,名詞,一般,*,*,*,*,頭,カブリ,カブリ,3/3,C1
頭,1345,1345,10552,名詞,一般,*,*,*,*,頭,ズ,ズ,0/1,C1
頭,1345,1345,10601,名詞,一般,*,*,*,*,頭,ガシラ,ガシラ,2/3,C1
頭,1345,1345,5529,名詞,一般,*,*,*,*,頭,アタマ,アタマ,3/3,C1
頭,1345,1345,9970,名詞,一般,*,*,*,*,頭,コウベ,コーベ,1/3,C1
頭,1353,1353,11365,名詞,固有名詞,地域,一般,*,*,頭,カシラ,カシラ,3/3,C1
頭,1358,1358,11631,名詞,接尾,一般,*,*,*,頭,ガシラ,ガシラ,2/3,C1
頭,1360,1360,8532,名詞,接尾,助数詞,*,*,*,頭,トウ,トー,2/2,C1
頭巾,1345,1345,5749,名詞,一般,*,*,*,*,頭巾,ズキン,ズキン,2/3,C2
頭巾,1345,1345,5809,名詞,一般,*,*,*,*,頭巾,トキン,トキン,1/3,C2
頭数,1345,1345,4200,名詞,一般,*,*,*,*,頭数,アタマカズ,アタマカズ,3/5,C1
頭数,1345,1345,4593,名詞,一般,*,*,*,*,頭数,トウスウ,トースー,3/4,C2
顔色,1345,1345,5568,名詞,一般,*,*,*,*,顔色,カオイロ,カオイロ,0/4,C2
風,1345,1345,6084,名詞,一般,*,*,*,*,風,カゼ,カゼ,0/2,C3
風,1345,1345,9172,名詞,一般,*,*,*,*,風,フウ,フー,1/2,C3
風,1345,1345,9914,名詞,一般,*,*,*,*,風,カザ,カザ,0/2,C3
風,1350,1350,9903,名詞,固有名詞,人名,姓,*,*,風,カゼ,カゼ,0/2,C3
風,1353,1353,12127,名詞,固有名詞,地域,一般,*,*,風,カザ,カザ,0/2,C3
風,1358,1358,8507,名詞,接尾,一般,*,*,*,風,フウ,フー,1/2,C4
風穴,1345,1345,5630,名詞,一般,*,*,*,*,風穴,カザアナ,カザアナ,0/4,C2
風穴,1345,1345,5693,名詞,一般,*,*,*,*,風穴,フウケツ,フーケツ,0/4,C2
風穴,1350,1350,7665,名詞,固有名詞,人名,姓,*,*,風穴,カザアナ,カザアナ,0/4,C2
風車,1345,1345,5337,名詞,一般,*,*,*,*,風車,カザグルマ,カザグルマ,3/5,C1
風車,1345,1345,6025,名詞,一般,*,*,*,*,風車,フウシャ,フーシャ,0/3,C1
香しい,42,42,4449,形容詞,自立,*,*,形容詞・イ段,基本形,香しい,カグワシイ,カグワシイ,4/5,*
馨しい,42,42,4449,形容詞,自立,*,*,形容詞・イ段,基本形,馨しい,カグワシイ,カグワシイ,4/5,*
馬頭,1345,1345,5745,名詞,一般,*,*,*,*,馬頭,バトウ,バトー,0/3,C2
馬頭,1345,1345,5746,名詞,一般,*,*,*,*,馬頭,メズ,メズ,1/2,C3
馬頭,1350,1350,7521,名詞,固有名詞,人名,姓,*,*,馬頭,バトウ,バトー,0/3,C2
馬頭,1353,1353,8562,名詞,固有名詞,地域,一般,*,*,馬頭,バトウ,バトー,0/3,C2
骨,1345,1345,4989,名詞,一般,*,*,*,*,骨,ホネ,ホネ,2/2,C3
骨,1345,1345,6768,名詞,一般,*,*,*,*,骨,コツ,コツ,2/2,C3
骨,1345,1345,7303,名詞,一般,*,*,*,*,骨,ボネ,ボネ,2/2,C3
骨,1358,1358,8342,名詞,接尾,一般,*,*,*,骨,コツ,コツ,2/2,C3
骨,1358,1358,8671,名詞,接尾,一般,*,*,*,骨,ボネ,ボネ,2/2,C4
髑髏,1345,1345,4746,名詞,一般,*,*,*,*,髑髏,ドクロ,ドクロ,1/3,C1
髑髏,1345,1345,5746,名詞,一般,*,*,*,*,髑髏,シャレコウベ,シャレコーベ,1/5,C1
髑髏,1345,1345,5746,名詞,一般,*,*,*,*,髑髏,ドクロ,ドクロ,1/3,C1
高座,1345,1345,5564,名詞,一般,*,*,*,*,高座,コウザ,コーザ,1/3,C1
高座,1350,1350,7515,名詞,固有名詞,人名,姓,*,*,高座,コウザ,コーザ,1/3,C2
高座,1353,1353,8521,名詞,固有名詞,地域,一般,*,*,高座,コウザ,コーザ,1/3,C2
高座,1353,1353,8630,名詞,固有名詞,地域,一般,*,*,高座,タカクラ,タカクラ,0/4,C2
高潮,1345,1345,4303,名詞,一般,*,*,*,*,高潮,タカシオ,タカシオ,0/4,C2
高潮,1345,1345,5303,名詞,一般,*,*,*,*,高潮,コウチョウ,コーチョー,0/4,C2
高潮,1345,1345,5749,名詞,一般,*,*,*,*,高潮,タカシオ,タカシオ,0/4,C2
鶏小屋,1345,1345,6000,名詞,一般,*,*,*,*,鶏小屋,トリゴヤ,トリゴヤ,0/4,C2
麦穂,1345,1345,5727,名詞,一般,*,*,*,*,麦穂,バクスイ,バクスイ,0/4,C2
黄葉,1343,1343,4360,名詞,サ変接続,*,*,*,*,黄葉,コウヨウ,コーヨー,0/4,C2
黄葉,1345,1345,5852,名詞,一般,*,*,*,*,黄葉,モミジ,モミジ,0/3,C1
黄金虫,1345,1345,5746,名詞,一般,*,*,*,*,黄金虫,コガネムシ,コガネムシ,3/5,C1
黒子,1345,1345,5357,名詞,一般,*,*,*,*,黒子,クロコ,クロコ,0/3,C2
黒子,1345,1345,6030,名詞,一般,*,*,*,*,黒子,ホクロ,ホクロ,0/3,C2
黒子,1348,1348,8665,名詞,固有名詞,一般,*,*,*,黒子,クロゴ,クロゴ,0/3,C1
黒子,1353,1353,8368,名詞,固有名詞,地域,一般,*,*,黒子,クロコ,クロコ,0/3,C1
黒子,1353,1353,8662,名詞,固有名詞,地域,一般,*,*,黒子,クロゴ,クロゴ,0/3,C1
黒子,1358,1358,8064,名詞,接尾,一般,*,*,*,黒子,ボクロ,ボクロ,0/3,C2
鼻汁,1345,1345,4746,名詞,一般,*,*,*,*,鼻汁,ハナジル,ハナジル,0/4,C2
鼻汁,1345,1345,5746,名詞,一般,*,*,*,*,鼻汁,ハナシル,ハナシル,0/4,C2